solid exported
	facet normal -0.18350529950382521 0.9829560488975954 -0.011100044578276387
		outer loop
			vertex -3.0097708702087402 9.761434555053711 0
			vertex -3.9708354473114014 9.576571464538574 -0.4821467101573944
			vertex -4 9.576571464538574 0
		endloop
	endfacet
	facet normal 0.18350529950382521 0.9829560488975954 -0.011100044578276376
		outer loop
			vertex 3.9708354473114014 9.576571464538574 -0.4821467101573944
			vertex 3.0097708702087402 9.761434555053711 -3.6859062216244506e-16
			vertex 4 9.576571464538574 5.327213610222133e-16
		endloop
	endfacet
	facet normal -0.1913666367986208 0.9808919221538608 -0.035069179826298404
		outer loop
			vertex -3.501230478286743 9.64942455291748 -1.0069869756698608
			vertex -3.8837673664093018 9.576571464538574 -0.9572626352310181
			vertex -3.9708354473114014 9.576571464538574 -0.4821467101573944
		endloop
	endfacet
	facet normal -0.19433165045201026 0.9790649354714444 -0.06055626939379885
		outer loop
			vertex -3.501230478286743 9.64942455291748 -1.0069869756698608
			vertex -3.740064859390259 9.576571464538574 -1.418419599533081
			vertex -3.8837673664093018 9.576571464538574 -0.9572626352310181
		endloop
	endfacet
	facet normal -0.16885009406404045 0.9827078280326985 -0.07599322639433675
		outer loop
			vertex -3.501230478286743 9.64942455291748 -1.0069869756698608
			vertex -3.5418241024017334 9.576571464538574 -1.8588926792144775
			vertex -3.740064859390259 9.576571464538574 -1.418419599533081
		endloop
	endfacet
	facet normal -0.17789151942787032 0.9837903233981625 -0.022609885089987368
		outer loop
			vertex -3.501230478286743 9.64942455291748 -1.0069869756698608
			vertex -3.9708354473114014 9.576571464538574 -0.4821467101573944
			vertex -3.0097708702087402 9.761434555053711 0
		endloop
	endfacet
	facet normal -0.13142275962199212 0.9911291738767427 -0.019774198940683874
		outer loop
			vertex -2.507854700088501 9.807897567749023 -1.0069869756698608
			vertex -3.0097708702087402 9.761434555053711 0
			vertex -2.011174440383911 9.893847465515137 0
		endloop
	endfacet
	facet normal -0.15745223285108723 0.9869770856808829 -0.032939743640139324
		outer loop
			vertex -2.507854700088501 9.807897567749023 -1.0069869756698608
			vertex -3.501230478286743 9.64942455291748 -1.0069869756698608
			vertex -3.0097708702087402 9.761434555053711 0
		endloop
	endfacet
	facet normal -0.17167924021450542 0.9796709536946973 -0.10378372206802293
		outer loop
			vertex -2.9930479526519775 9.656607627868652 -2.011174440383911
			vertex -3.291935443878174 9.576571464538574 -2.272258996963501
			vertex -3.5418241024017334 9.576571464538574 -1.8588926792144775
		endloop
	endfacet
	facet normal -0.15583408014487654 0.9802092742907439 -0.12208815691873447
		outer loop
			vertex -2.9930479526519775 9.656607627868652 -2.011174440383911
			vertex -2.9940431118011475 9.576571464538574 -2.6524906158447266
			vertex -3.291935443878174 9.576571464538574 -2.272258996963501
		endloop
	endfacet
	facet normal -0.16458602659411323 0.9834105880267365 -0.0762565092754077
		outer loop
			vertex -2.9930479526519775 9.656607627868652 -2.011174440383911
			vertex -3.5418241024017334 9.576571464538574 -1.8588926792144775
			vertex -3.501230478286743 9.64942455291748 -1.0069869756698608
		endloop
	endfacet
	facet normal -0.15712350037871534 0.9849164517243157 -0.07246922623792676
		outer loop
			vertex -2.9930479526519775 9.656607627868652 -2.011174440383911
			vertex -3.501230478286743 9.64942455291748 -1.0069869756698608
			vertex -2.507854700088501 9.807897567749023 -1.0069869756698608
		endloop
	endfacet
	facet normal -0.07900131395485079 0.996678368569703 -0.01977427669075561
		outer loop
			vertex -1.507507085800171 9.91379165649414 -1.0069869756698608
			vertex -2.011174440383911 9.893847465515137 0
			vertex -1.0069869756698608 9.973443984985352 0
		endloop
	endfacet
	facet normal -0.10521200063268843 0.9939041458748583 -0.032939091299480264
		outer loop
			vertex -1.507507085800171 9.91379165649414 -1.0069869756698608
			vertex -2.507854700088501 9.807897567749023 -1.0069869756698608
			vertex -2.011174440383911 9.893847465515137 0
		endloop
	endfacet
	facet normal -0.13096726625858032 0.9876907568053988 -0.08552510795043179
		outer loop
			vertex -2 9.788285255432129 -2.011174440383911
			vertex -2.9930479526519775 9.656607627868652 -2.011174440383911
			vertex -2.507854700088501 9.807897567749023 -1.0069869756698608
		endloop
	endfacet
	facet normal -0.12734343428871306 0.9836499883022988 -0.12734343428871306
		outer loop
			vertex -2 9.788285255432129 -2.011174440383911
			vertex -2.6524906158447266 9.576571464538574 -2.9940431118011475
			vertex -2.9940431118011475 9.576571464538574 -2.6524906158447266
		endloop
	endfacet
	facet normal -0.10926134944519555 0.9841810535269222 -0.139461863590204
		outer loop
			vertex -2 9.788285255432129 -2.011174440383911
			vertex -2.272258996963501 9.576571464538574 -3.291935443878174
			vertex -2.6524906158447266 9.576571464538574 -2.9940431118011475
		endloop
	endfacet
	facet normal -0.10499233260027815 0.9918290121751298 -0.072469446685201
		outer loop
			vertex -2 9.788285255432129 -2.011174440383911
			vertex -2.507854700088501 9.807897567749023 -1.0069869756698608
			vertex -1.507507085800171 9.91379165649414 -1.0069869756698608
		endloop
	endfacet
	facet normal -0.13045756458182237 0.9838468372578374 -0.12258150211647101
		outer loop
			vertex -2 9.788285255432129 -2.011174440383911
			vertex -2.9940431118011475 9.576571464538574 -2.6524906158447266
			vertex -2.9930479526519775 9.656607627868652 -2.011174440383911
		endloop
	endfacet
	facet normal -0.05267895404556514 0.9980680740422803 -0.03294005734965865
		outer loop
			vertex -0.502968430519104 9.966812133789062 -1.0069869756698608
			vertex -1.507507085800171 9.91379165649414 -1.0069869756698608
			vertex -1.0069869756698608 9.973443984985352 0
		endloop
	endfacet
	facet normal -0.026357435687653988 0.9994569755621671 -0.019774720834865908
		outer loop
			vertex -0.502968430519104 9.966812133789062 -1.0069869756698608
			vertex -1.0069869756698608 9.973443984985352 0
			vertex 1.8003258389284738e-14 10 0
		endloop
	endfacet
	facet normal -0.07872700164585122 0.9932207927568136 -0.0855249440068859
		outer loop
			vertex -1.0013920068740845 9.867439270019531 -2.011174440383911
			vertex -2 9.788285255432129 -2.011174440383911
			vertex -1.507507085800171 9.91379165649414 -1.0069869756698608
		endloop
	endfacet
	facet normal -0.05256897209415416 0.9959843296625187 -0.0724687397411302
		outer loop
			vertex -1.0013920068740845 9.867439270019531 -2.011174440383911
			vertex -1.507507085800171 9.91379165649414 -1.0069869756698608
			vertex -0.502968430519104 9.966812133789062 -1.0069869756698608
		endloop
	endfacet
	facet normal 0.02635743568765493 0.9994569755621671 -0.019774720834866387
		outer loop
			vertex 0.502968430519104 9.966812133789062 -1.0069869756698608
			vertex 1.8003258389284738e-14 10 0
			vertex 1.0069869756698608 9.973443984985352 -1.2332033411903144e-16
		endloop
	endfacet
	facet normal 0 0.9994573405930584 -0.03293970756779331
		outer loop
			vertex 0.502968430519104 9.966812133789062 -1.0069869756698608
			vertex -0.502968430519104 9.966812133789062 -1.0069869756698608
			vertex 1.8003258389284738e-14 10 0
		endloop
	endfacet
	facet normal -0.09897641694555831 0.981527963323126 -0.16372698648474335
		outer loop
			vertex -1.4907549619674683 9.702445030212402 -3.0097708702087402
			vertex -1.8588926792144775 9.576571464538574 -3.5418241024017334
			vertex -2.272258996963501 9.576571464538574 -3.291935443878174
		endloop
	endfacet
	facet normal -0.0796487539747924 0.9809876984596064 -0.17697234660021685
		outer loop
			vertex -1.4907549619674683 9.702445030212402 -3.0097708702087402
			vertex -1.418419599533081 9.576571464538574 -3.740064859390259
			vertex -1.8588926792144775 9.576571464538574 -3.5418241024017334
		endloop
	endfacet
	facet normal -0.054482943705396344 0.9830879883883473 -0.1748416881974875
		outer loop
			vertex -1.4907549619674683 9.702445030212402 -3.0097708702087402
			vertex -0.9572626352310181 9.576571464538574 -3.8837673664093018
			vertex -1.418419599533081 9.576571464538574 -3.740064859390259
		endloop
	endfacet
	facet normal -0.07839677594546993 0.9890546613779403 -0.1249992893096741
		outer loop
			vertex -1.4907549619674683 9.702445030212402 -3.0097708702087402
			vertex -2 9.788285255432129 -2.011174440383911
			vertex -1.0013920068740845 9.867439270019531 -2.011174440383911
		endloop
	endfacet
	facet normal -0.10808371927849951 0.9842734095857258 -0.13972746619550805
		outer loop
			vertex -1.4907549619674683 9.702445030212402 -3.0097708702087402
			vertex -2.272258996963501 9.576571464538574 -3.291935443878174
			vertex -2 9.788285255432129 -2.011174440383911
		endloop
	endfacet
	facet normal 0 0.9973706395252517 -0.07246935499223324
		outer loop
			vertex 6.033751955372441e-15 9.893847465515137 -2.011174440383911
			vertex -0.502968430519104 9.966812133789062 -1.0069869756698608
			vertex 0.502968430519104 9.966812133789062 -1.0069869756698608
		endloop
	endfacet
	facet normal -0.026265730534497905 0.9959897720513257 -0.08552476465116798
		outer loop
			vertex 6.033751955372441e-15 9.893847465515137 -2.011174440383911
			vertex -1.0013920068740845 9.867439270019531 -2.011174440383911
			vertex -0.502968430519104 9.966812133789062 -1.0069869756698608
		endloop
	endfacet
	facet normal 0.07900131395485077 0.996678368569703 -0.019774276690755613
		outer loop
			vertex 1.507507085800171 9.91379165649414 -1.0069869756698608
			vertex 1.0069869756698608 9.973443984985352 -1.2332033411903144e-16
			vertex 2.011174440383911 9.893847465515137 -2.462978581224413e-16
		endloop
	endfacet
	facet normal 0.05267895404556514 0.9980680740422803 -0.03294005734965866
		outer loop
			vertex 1.507507085800171 9.91379165649414 -1.0069869756698608
			vertex 0.502968430519104 9.966812133789062 -1.0069869756698608
			vertex 1.0069869756698608 9.973443984985352 -1.2332033411903144e-16
		endloop
	endfacet
	facet normal -0.03350428778228322 0.9825739907115213 -0.18282728318671984
		outer loop
			vertex -0.49737924337387085 9.754877090454102 -3.0097708702087402
			vertex -0.4821467101573944 9.576571464538574 -3.9708354473114014
			vertex -0.9572626352310181 9.576571464538574 -3.8837673664093018
		endloop
	endfacet
	facet normal -0.011043738361335046 0.9831300049583609 -0.18257444835896378
		outer loop
			vertex -0.49737924337387085 9.754877090454102 -3.0097708702087402
			vertex 1.11242768198027e-14 9.576571464538574 -4
			vertex -0.4821467101573944 9.576571464538574 -3.9708354473114014
		endloop
	endfacet
	facet normal -0.026155558683002064 0.9918120836708827 -0.12499870973094995
		outer loop
			vertex -0.49737924337387085 9.754877090454102 -3.0097708702087402
			vertex -1.0013920068740845 9.867439270019531 -2.011174440383911
			vertex 6.033751955372441e-15 9.893847465515137 -2.011174440383911
		endloop
	endfacet
	facet normal -0.05191052765123547 0.983494782970742 -0.17333005794813408
		outer loop
			vertex -0.49737924337387085 9.754877090454102 -3.0097708702087402
			vertex -0.9572626352310181 9.576571464538574 -3.8837673664093018
			vertex -1.4907549619674683 9.702445030212402 -3.0097708702087402
		endloop
	endfacet
	facet normal -0.05220521719117458 0.9890779592211044 -0.13783833240807072
		outer loop
			vertex -0.49737924337387085 9.754877090454102 -3.0097708702087402
			vertex -1.4907549619674683 9.702445030212402 -3.0097708702087402
			vertex -1.0013920068740845 9.867439270019531 -2.011174440383911
		endloop
	endfacet
	facet normal 0.026265730534498218 0.9959897720513256 -0.08552476465116782
		outer loop
			vertex 1.0013920068740845 9.867439270019531 -2.011174440383911
			vertex 6.033751955372441e-15 9.893847465515137 -2.011174440383911
			vertex 0.502968430519104 9.966812133789062 -1.0069869756698608
		endloop
	endfacet
	facet normal 0.05256897209415416 0.9959843296625187 -0.0724687397411302
		outer loop
			vertex 1.0013920068740845 9.867439270019531 -2.011174440383911
			vertex 0.502968430519104 9.966812133789062 -1.0069869756698608
			vertex 1.507507085800171 9.91379165649414 -1.0069869756698608
		endloop
	endfacet
	facet normal 0.13142275962199212 0.9911291738767427 -0.01977419894068388
		outer loop
			vertex 2.507854700088501 9.807897567749023 -1.0069869756698608
			vertex 2.011174440383911 9.893847465515137 -2.462978581224413e-16
			vertex 3.0097708702087402 9.761434555053711 -3.6859062216244506e-16
		endloop
	endfacet
	facet normal 0.10521200063268843 0.9939041458748583 -0.03293909129948027
		outer loop
			vertex 2.507854700088501 9.807897567749023 -1.0069869756698608
			vertex 1.507507085800171 9.91379165649414 -1.0069869756698608
			vertex 2.011174440383911 9.893847465515137 -2.462978581224413e-16
		endloop
	endfacet
	facet normal 0 0.9841721655190935 -0.1772149785358403
		outer loop
			vertex 0.49737924337387085 9.754877090454102 -3.0097708702087402
			vertex 1.11242768198027e-14 9.576571464538574 -4
			vertex -0.49737924337387085 9.754877090454102 -3.0097708702087402
		endloop
	endfacet
	facet normal 0.011043738361335554 0.9831300049583609 -0.18257444835896375
		outer loop
			vertex 0.49737924337387085 9.754877090454102 -3.0097708702087402
			vertex 0.4821467101573944 9.576571464538574 -3.9708354473114014
			vertex 1.11242768198027e-14 9.576571464538574 -4
		endloop
	endfacet
	facet normal 0.03350428778228322 0.9825739907115213 -0.18282728318671984
		outer loop
			vertex 0.49737924337387085 9.754877090454102 -3.0097708702087402
			vertex 0.9572626352310181 9.576571464538574 -3.8837673664093018
			vertex 0.4821467101573944 9.576571464538574 -3.9708354473114014
		endloop
	endfacet
	facet normal 0.026155558683002376 0.9918120836708826 -0.1249987097309501
		outer loop
			vertex 0.49737924337387085 9.754877090454102 -3.0097708702087402
			vertex 6.033751955372441e-15 9.893847465515137 -2.011174440383911
			vertex 1.0013920068740845 9.867439270019531 -2.011174440383911
		endloop
	endfacet
	facet normal 0 0.9904548777605068 -0.1378373502372269
		outer loop
			vertex 0.49737924337387085 9.754877090454102 -3.0097708702087402
			vertex -0.49737924337387085 9.754877090454102 -3.0097708702087402
			vertex 6.033751955372441e-15 9.893847465515137 -2.011174440383911
		endloop
	endfacet
	facet normal 0.10499233260027815 0.9918290121751298 -0.072469446685201
		outer loop
			vertex 2 9.788285255432129 -2.011174440383911
			vertex 1.507507085800171 9.91379165649414 -1.0069869756698608
			vertex 2.507854700088501 9.807897567749023 -1.0069869756698608
		endloop
	endfacet
	facet normal 0.10926134944519555 0.9841810535269222 -0.139461863590204
		outer loop
			vertex 2 9.788285255432129 -2.011174440383911
			vertex 2.6524906158447266 9.576571464538574 -2.9940431118011475
			vertex 2.272258996963501 9.576571464538574 -3.291935443878174
		endloop
	endfacet
	facet normal 0.12734343428871306 0.9836499883022988 -0.12734343428871306
		outer loop
			vertex 2 9.788285255432129 -2.011174440383911
			vertex 2.9940431118011475 9.576571464538574 -2.6524906158447266
			vertex 2.6524906158447266 9.576571464538574 -2.9940431118011475
		endloop
	endfacet
	facet normal 0.07872700164585122 0.9932207927568136 -0.0855249440068859
		outer loop
			vertex 2 9.788285255432129 -2.011174440383911
			vertex 1.0013920068740845 9.867439270019531 -2.011174440383911
			vertex 1.507507085800171 9.91379165649414 -1.0069869756698608
		endloop
	endfacet
	facet normal 0.16885009406404045 0.9827078280326985 -0.07599322639433675
		outer loop
			vertex 3.501230478286743 9.64942455291748 -1.0069869756698608
			vertex 3.740064859390259 9.576571464538574 -1.418419599533081
			vertex 3.5418241024017334 9.576571464538574 -1.8588926792144775
		endloop
	endfacet
	facet normal 0.19433165045201026 0.9790649354714444 -0.06055626939379885
		outer loop
			vertex 3.501230478286743 9.64942455291748 -1.0069869756698608
			vertex 3.8837673664093018 9.576571464538574 -0.9572626352310181
			vertex 3.740064859390259 9.576571464538574 -1.418419599533081
		endloop
	endfacet
	facet normal 0.1913666367986208 0.9808919221538608 -0.035069179826298404
		outer loop
			vertex 3.501230478286743 9.64942455291748 -1.0069869756698608
			vertex 3.9708354473114014 9.576571464538574 -0.4821467101573944
			vertex 3.8837673664093018 9.576571464538574 -0.9572626352310181
		endloop
	endfacet
	facet normal 0.15745223285108723 0.9869770856808829 -0.03293974364013934
		outer loop
			vertex 3.501230478286743 9.64942455291748 -1.0069869756698608
			vertex 2.507854700088501 9.807897567749023 -1.0069869756698608
			vertex 3.0097708702087402 9.761434555053711 -3.6859062216244506e-16
		endloop
	endfacet
	facet normal 0.1778915194278703 0.9837903233981625 -0.022609885089987375
		outer loop
			vertex 3.501230478286743 9.64942455291748 -1.0069869756698608
			vertex 3.0097708702087402 9.761434555053711 -3.6859062216244506e-16
			vertex 3.9708354473114014 9.576571464538574 -0.4821467101573944
		endloop
	endfacet
	facet normal 0.05220521719117458 0.9890779592211044 -0.13783833240807072
		outer loop
			vertex 1.4907549619674683 9.702445030212402 -3.0097708702087402
			vertex 0.49737924337387085 9.754877090454102 -3.0097708702087402
			vertex 1.0013920068740845 9.867439270019531 -2.011174440383911
		endloop
	endfacet
	facet normal 0.07839677594546993 0.9890546613779403 -0.1249992893096741
		outer loop
			vertex 1.4907549619674683 9.702445030212402 -3.0097708702087402
			vertex 1.0013920068740845 9.867439270019531 -2.011174440383911
			vertex 2 9.788285255432129 -2.011174440383911
		endloop
	endfacet
	facet normal 0.054482943705396344 0.9830879883883473 -0.1748416881974875
		outer loop
			vertex 1.4907549619674683 9.702445030212402 -3.0097708702087402
			vertex 1.418419599533081 9.576571464538574 -3.740064859390259
			vertex 0.9572626352310181 9.576571464538574 -3.8837673664093018
		endloop
	endfacet
	facet normal 0.0796487539747924 0.9809876984596064 -0.17697234660021685
		outer loop
			vertex 1.4907549619674683 9.702445030212402 -3.0097708702087402
			vertex 1.8588926792144775 9.576571464538574 -3.5418241024017334
			vertex 1.418419599533081 9.576571464538574 -3.740064859390259
		endloop
	endfacet
	facet normal 0.09897641694555831 0.981527963323126 -0.16372698648474335
		outer loop
			vertex 1.4907549619674683 9.702445030212402 -3.0097708702087402
			vertex 2.272258996963501 9.576571464538574 -3.291935443878174
			vertex 1.8588926792144775 9.576571464538574 -3.5418241024017334
		endloop
	endfacet
	facet normal 0.10808371927849951 0.9842734095857258 -0.13972746619550805
		outer loop
			vertex 1.4907549619674683 9.702445030212402 -3.0097708702087402
			vertex 2 9.788285255432129 -2.011174440383911
			vertex 2.272258996963501 9.576571464538574 -3.291935443878174
		endloop
	endfacet
	facet normal 0.05191052765123547 0.983494782970742 -0.17333005794813408
		outer loop
			vertex 1.4907549619674683 9.702445030212402 -3.0097708702087402
			vertex 0.9572626352310181 9.576571464538574 -3.8837673664093018
			vertex 0.49737924337387085 9.754877090454102 -3.0097708702087402
		endloop
	endfacet
	facet normal 0.13045756458182237 0.9838468372578374 -0.12258150211647101
		outer loop
			vertex 2.9930479526519775 9.656607627868652 -2.011174440383911
			vertex 2.9940431118011475 9.576571464538574 -2.6524906158447266
			vertex 2 9.788285255432129 -2.011174440383911
		endloop
	endfacet
	facet normal 0.15712350037871534 0.9849164517243157 -0.07246922623792676
		outer loop
			vertex 2.9930479526519775 9.656607627868652 -2.011174440383911
			vertex 2.507854700088501 9.807897567749023 -1.0069869756698608
			vertex 3.501230478286743 9.64942455291748 -1.0069869756698608
		endloop
	endfacet
	facet normal 0.15583408014487654 0.9802092742907439 -0.12208815691873447
		outer loop
			vertex 2.9930479526519775 9.656607627868652 -2.011174440383911
			vertex 3.291935443878174 9.576571464538574 -2.272258996963501
			vertex 2.9940431118011475 9.576571464538574 -2.6524906158447266
		endloop
	endfacet
	facet normal 0.17167924021450542 0.9796709536946973 -0.10378372206802293
		outer loop
			vertex 2.9930479526519775 9.656607627868652 -2.011174440383911
			vertex 3.5418241024017334 9.576571464538574 -1.8588926792144775
			vertex 3.291935443878174 9.576571464538574 -2.272258996963501
		endloop
	endfacet
	facet normal 0.13096726625858032 0.9876907568053988 -0.08552510795043179
		outer loop
			vertex 2.9930479526519775 9.656607627868652 -2.011174440383911
			vertex 2 9.788285255432129 -2.011174440383911
			vertex 2.507854700088501 9.807897567749023 -1.0069869756698608
		endloop
	endfacet
	facet normal 0.16458602659411323 0.9834105880267365 -0.0762565092754077
		outer loop
			vertex 2.9930479526519775 9.656607627868652 -2.011174440383911
			vertex 3.501230478286743 9.64942455291748 -1.0069869756698608
			vertex 3.5418241024017334 9.576571464538574 -1.8588926792144775
		endloop
	endfacet
	facet normal -0.1736392282277902 0.9847610523309643 0.009751319524525253
		outer loop
			vertex 4.67044734954834 9.699999809265137 -0.5262330174446106
			vertex 4 9.576571464538574 5.327213610222133e-16
			vertex 4.699999809265137 9.699999809265137 0
		endloop
	endfacet
	facet normal -0.17309143686604017 0.9848501058804351 0.010470120865860367
		outer loop
			vertex 4.67044734954834 9.699999809265137 -0.5262330174446106
			vertex 3.9708354473114014 9.576571464538574 -0.4821467101573944
			vertex 4 9.576571464538574 5.327213610222133e-16
		endloop
	endfacet
	facet normal -0.17011438054853226 0.9849310859042258 0.031174565756588737
		outer loop
			vertex 4.582160949707031 9.699999809265137 -1.0458483695983887
			vertex 3.8837673664093018 9.576571464538574 -0.9572626352310181
			vertex 3.9708354473114014 9.576571464538574 -0.4821467101573944
		endloop
	endfacet
	facet normal -0.17188172236610355 0.984684621124495 0.02920394557883595
		outer loop
			vertex 4.582160949707031 9.699999809265137 -1.0458483695983887
			vertex 3.9708354473114014 9.576571464538574 -0.4821467101573944
			vertex 4.67044734954834 9.699999809265137 -0.5262330174446106
		endloop
	endfacet
	facet normal -0.16475811432758422 0.9849968979649147 0.05134077095948574
		outer loop
			vertex 4.436251640319824 9.699999809265137 -1.5523115396499634
			vertex 3.740064859390259 9.576571464538574 -1.418419599533081
			vertex 3.8837673664093018 9.576571464538574 -0.9572626352310181
		endloop
	endfacet
	facet normal -0.16787900797620148 0.9846204658888476 0.048365037307495765
		outer loop
			vertex 4.436251640319824 9.699999809265137 -1.5523115396499634
			vertex 3.8837673664093018 9.576571464538574 -0.9572626352310181
			vertex 4.582160949707031 9.699999809265137 -1.0458483695983887
		endloop
	endfacet
	facet normal -0.1571033348258857 0.9850477863145815 0.07070644145570183
		outer loop
			vertex 4.234553813934326 9.699999809265137 -2.0392534732818604
			vertex 3.5418241024017334 9.576571464538574 -1.8588926792144775
			vertex 3.740064859390259 9.576571464538574 -1.418419599533081
		endloop
	endfacet
	facet normal -0.16167665175407528 0.9845688722657854 0.0669686198369875
		outer loop
			vertex 4.234553813934326 9.699999809265137 -2.0392534732818604
			vertex 3.740064859390259 9.576571464538574 -1.418419599533081
			vertex 4.436251640319824 9.699999809265137 -1.5523115396499634
		endloop
	endfacet
	facet normal -0.14725795331943786 0.9850839755166526 0.08902053900352218
		outer loop
			vertex 3.9796037673950195 9.699999809265137 -2.5005507469177246
			vertex 3.291935443878174 9.576571464538574 -2.272258996963501
			vertex 3.5418241024017334 9.576571464538574 -1.8588926792144775
		endloop
	endfacet
	facet normal -0.15335326241189975 0.984529991447804 0.08475537061103641
		outer loop
			vertex 3.9796037673950195 9.699999809265137 -2.5005507469177246
			vertex 3.5418241024017334 9.576571464538574 -1.8588926792144775
			vertex 4.234553813934326 9.699999809265137 -2.0392534732818604
		endloop
	endfacet
	facet normal -0.13535645386487968 0.9851056264404076 0.10604496759666077
		outer loop
			vertex 3.674607992172241 9.699999809265137 -2.9304020404815674
			vertex 2.9940431118011475 9.576571464538574 -2.6524906158447266
			vertex 3.291935443878174 9.576571464538574 -2.272258996963501
		endloop
	endfacet
	facet normal -0.14301853960956304 0.9845039874632916 0.10147707128621151
		outer loop
			vertex 3.674607992172241 9.699999809265137 -2.9304020404815674
			vertex 3.291935443878174 9.576571464538574 -2.272258996963501
			vertex 3.9796037673950195 9.699999809265137 -2.5005507469177246
		endloop
	endfacet
	facet normal -0.12155801049606403 0.9851128362621604 0.12155801049606403
		outer loop
			vertex 3.323401927947998 9.699999809265137 -3.323401927947998
			vertex 2.6524906158447266 9.576571464538574 -2.9940431118011475
			vertex 2.9940431118011475 9.576571464538574 -2.6524906158447266
		endloop
	endfacet
	facet normal -0.13081199155777087 0.9844909585974359 0.11690070703204442
		outer loop
			vertex 3.323401927947998 9.699999809265137 -3.323401927947998
			vertex 2.9940431118011475 9.576571464538574 -2.6524906158447266
			vertex 3.674607992172241 9.699999809265137 -2.9304020404815674
		endloop
	endfacet
	facet normal -0.10604496759666077 0.9851056264404076 0.13535645386487968
		outer loop
			vertex 2.9304020404815674 9.699999809265137 -3.674607992172241
			vertex 2.272258996963501 9.576571464538574 -3.291935443878174
			vertex 2.6524906158447266 9.576571464538574 -2.9940431118011475
		endloop
	endfacet
	facet normal -0.11690070703204442 0.9844909585974359 0.13081199155777087
		outer loop
			vertex 2.9304020404815674 9.699999809265137 -3.674607992172241
			vertex 2.6524906158447266 9.576571464538574 -2.9940431118011475
			vertex 3.323401927947998 9.699999809265137 -3.323401927947998
		endloop
	endfacet
	facet normal -0.08902053900352218 0.9850839755166526 0.14725795331943786
		outer loop
			vertex 2.5005507469177246 9.699999809265137 -3.9796037673950195
			vertex 1.8588926792144775 9.576571464538574 -3.5418241024017334
			vertex 2.272258996963501 9.576571464538574 -3.291935443878174
		endloop
	endfacet
	facet normal -0.10147707128621151 0.9845039874632916 0.14301853960956304
		outer loop
			vertex 2.5005507469177246 9.699999809265137 -3.9796037673950195
			vertex 2.272258996963501 9.576571464538574 -3.291935443878174
			vertex 2.9304020404815674 9.699999809265137 -3.674607992172241
		endloop
	endfacet
	facet normal -0.07070644145570183 0.9850477863145815 0.1571033348258857
		outer loop
			vertex 2.0392534732818604 9.699999809265137 -4.234553813934326
			vertex 1.418419599533081 9.576571464538574 -3.740064859390259
			vertex 1.8588926792144775 9.576571464538574 -3.5418241024017334
		endloop
	endfacet
	facet normal -0.08475537061103641 0.984529991447804 0.15335326241189975
		outer loop
			vertex 2.0392534732818604 9.699999809265137 -4.234553813934326
			vertex 1.8588926792144775 9.576571464538574 -3.5418241024017334
			vertex 2.5005507469177246 9.699999809265137 -3.9796037673950195
		endloop
	endfacet
	facet normal -0.0669686198369875 0.9845688722657854 0.16167665175407528
		outer loop
			vertex 1.5523115396499634 9.699999809265137 -4.436251640319824
			vertex 1.418419599533081 9.576571464538574 -3.740064859390259
			vertex 2.0392534732818604 9.699999809265137 -4.234553813934326
		endloop
	endfacet
	facet normal -0.05134077095948574 0.9849968979649147 0.16475811432758422
		outer loop
			vertex 1.5523115396499634 9.699999809265137 -4.436251640319824
			vertex 0.9572626352310181 9.576571464538574 -3.8837673664093018
			vertex 1.418419599533081 9.576571464538574 -3.740064859390259
		endloop
	endfacet
	facet normal -0.048365037307495765 0.9846204658888476 0.16787900797620148
		outer loop
			vertex 1.0458483695983887 9.699999809265137 -4.582160949707031
			vertex 0.9572626352310181 9.576571464538574 -3.8837673664093018
			vertex 1.5523115396499634 9.699999809265137 -4.436251640319824
		endloop
	endfacet
	facet normal -0.031174565756588737 0.9849310859042258 0.17011438054853226
		outer loop
			vertex 1.0458483695983887 9.699999809265137 -4.582160949707031
			vertex 0.4821467101573944 9.576571464538574 -3.9708354473114014
			vertex 0.9572626352310181 9.576571464538574 -3.8837673664093018
		endloop
	endfacet
	facet normal -0.02920394557883595 0.984684621124495 0.17188172236610355
		outer loop
			vertex 0.5262330174446106 9.699999809265137 -4.67044734954834
			vertex 0.4821467101573944 9.576571464538574 -3.9708354473114014
			vertex 1.0458483695983887 9.699999809265137 -4.582160949707031
		endloop
	endfacet
	facet normal -0.01047012086586062 0.9848501058804351 0.17309143686604017
		outer loop
			vertex 0.5262330174446106 9.699999809265137 -4.67044734954834
			vertex 1.11242768198027e-14 9.576571464538574 -4
			vertex 0.4821467101573944 9.576571464538574 -3.9708354473114014
		endloop
	endfacet
	facet normal -0.009751319524525397 0.9847610523309643 0.1736392282277903
		outer loop
			vertex 7.55003325754889e-15 9.699999809265137 -4.699999809265137
			vertex 1.11242768198027e-14 9.576571464538574 -4
			vertex 0.5262330174446106 9.699999809265137 -4.67044734954834
		endloop
	endfacet
	facet normal 0.009751319524525112 0.9847610523309642 0.17363922822779018
		outer loop
			vertex -0.5262330174446106 9.699999809265137 -4.67044734954834
			vertex 1.11242768198027e-14 9.576571464538574 -4
			vertex 7.55003325754889e-15 9.699999809265137 -4.699999809265137
		endloop
	endfacet
	facet normal 0.01047012086586014 0.9848501058804351 0.17309143686604014
		outer loop
			vertex -0.5262330174446106 9.699999809265137 -4.67044734954834
			vertex -0.4821467101573944 9.576571464538574 -3.9708354473114014
			vertex 1.11242768198027e-14 9.576571464538574 -4
		endloop
	endfacet
	facet normal 0.02920394557883595 0.984684621124495 0.17188172236610355
		outer loop
			vertex -1.0458483695983887 9.699999809265137 -4.582160949707031
			vertex -0.4821467101573944 9.576571464538574 -3.9708354473114014
			vertex -0.5262330174446106 9.699999809265137 -4.67044734954834
		endloop
	endfacet
	facet normal 0.031174565756588737 0.9849310859042258 0.17011438054853226
		outer loop
			vertex -1.0458483695983887 9.699999809265137 -4.582160949707031
			vertex -0.9572626352310181 9.576571464538574 -3.8837673664093018
			vertex -0.4821467101573944 9.576571464538574 -3.9708354473114014
		endloop
	endfacet
	facet normal 0.048365037307495765 0.9846204658888476 0.16787900797620148
		outer loop
			vertex -1.5523115396499634 9.699999809265137 -4.436251640319824
			vertex -0.9572626352310181 9.576571464538574 -3.8837673664093018
			vertex -1.0458483695983887 9.699999809265137 -4.582160949707031
		endloop
	endfacet
	facet normal 0.05134077095948574 0.9849968979649147 0.16475811432758422
		outer loop
			vertex -1.5523115396499634 9.699999809265137 -4.436251640319824
			vertex -1.418419599533081 9.576571464538574 -3.740064859390259
			vertex -0.9572626352310181 9.576571464538574 -3.8837673664093018
		endloop
	endfacet
	facet normal 0.0669686198369875 0.9845688722657854 0.16167665175407528
		outer loop
			vertex -2.0392534732818604 9.699999809265137 -4.234553813934326
			vertex -1.418419599533081 9.576571464538574 -3.740064859390259
			vertex -1.5523115396499634 9.699999809265137 -4.436251640319824
		endloop
	endfacet
	facet normal 0.07070644145570183 0.9850477863145815 0.1571033348258857
		outer loop
			vertex -2.0392534732818604 9.699999809265137 -4.234553813934326
			vertex -1.8588926792144775 9.576571464538574 -3.5418241024017334
			vertex -1.418419599533081 9.576571464538574 -3.740064859390259
		endloop
	endfacet
	facet normal 0.08475537061103641 0.984529991447804 0.15335326241189975
		outer loop
			vertex -2.5005507469177246 9.699999809265137 -3.9796037673950195
			vertex -1.8588926792144775 9.576571464538574 -3.5418241024017334
			vertex -2.0392534732818604 9.699999809265137 -4.234553813934326
		endloop
	endfacet
	facet normal 0.08902053900352218 0.9850839755166526 0.14725795331943786
		outer loop
			vertex -2.5005507469177246 9.699999809265137 -3.9796037673950195
			vertex -2.272258996963501 9.576571464538574 -3.291935443878174
			vertex -1.8588926792144775 9.576571464538574 -3.5418241024017334
		endloop
	endfacet
	facet normal 0.10147707128621151 0.9845039874632916 0.14301853960956304
		outer loop
			vertex -2.9304020404815674 9.699999809265137 -3.674607992172241
			vertex -2.272258996963501 9.576571464538574 -3.291935443878174
			vertex -2.5005507469177246 9.699999809265137 -3.9796037673950195
		endloop
	endfacet
	facet normal 0.10604496759666077 0.9851056264404076 0.13535645386487968
		outer loop
			vertex -2.9304020404815674 9.699999809265137 -3.674607992172241
			vertex -2.6524906158447266 9.576571464538574 -2.9940431118011475
			vertex -2.272258996963501 9.576571464538574 -3.291935443878174
		endloop
	endfacet
	facet normal 0.12155801049606403 0.9851128362621604 0.12155801049606403
		outer loop
			vertex -3.323401927947998 9.699999809265137 -3.323401927947998
			vertex -2.9940431118011475 9.576571464538574 -2.6524906158447266
			vertex -2.6524906158447266 9.576571464538574 -2.9940431118011475
		endloop
	endfacet
	facet normal 0.11690070703204442 0.9844909585974359 0.13081199155777087
		outer loop
			vertex -3.323401927947998 9.699999809265137 -3.323401927947998
			vertex -2.6524906158447266 9.576571464538574 -2.9940431118011475
			vertex -2.9304020404815674 9.699999809265137 -3.674607992172241
		endloop
	endfacet
	facet normal 0.13535645386487968 0.9851056264404076 0.10604496759666077
		outer loop
			vertex -3.674607992172241 9.699999809265137 -2.9304020404815674
			vertex -3.291935443878174 9.576571464538574 -2.272258996963501
			vertex -2.9940431118011475 9.576571464538574 -2.6524906158447266
		endloop
	endfacet
	facet normal 0.13081199155777087 0.9844909585974359 0.11690070703204442
		outer loop
			vertex -3.674607992172241 9.699999809265137 -2.9304020404815674
			vertex -2.9940431118011475 9.576571464538574 -2.6524906158447266
			vertex -3.323401927947998 9.699999809265137 -3.323401927947998
		endloop
	endfacet
	facet normal 0.14725795331943786 0.9850839755166526 0.08902053900352218
		outer loop
			vertex -3.9796037673950195 9.699999809265137 -2.5005507469177246
			vertex -3.5418241024017334 9.576571464538574 -1.8588926792144775
			vertex -3.291935443878174 9.576571464538574 -2.272258996963501
		endloop
	endfacet
	facet normal 0.14301853960956304 0.9845039874632916 0.10147707128621151
		outer loop
			vertex -3.9796037673950195 9.699999809265137 -2.5005507469177246
			vertex -3.291935443878174 9.576571464538574 -2.272258996963501
			vertex -3.674607992172241 9.699999809265137 -2.9304020404815674
		endloop
	endfacet
	facet normal 0.1571033348258857 0.9850477863145815 0.07070644145570183
		outer loop
			vertex -4.234553813934326 9.699999809265137 -2.0392534732818604
			vertex -3.740064859390259 9.576571464538574 -1.418419599533081
			vertex -3.5418241024017334 9.576571464538574 -1.8588926792144775
		endloop
	endfacet
	facet normal 0.15335326241189975 0.984529991447804 0.08475537061103641
		outer loop
			vertex -4.234553813934326 9.699999809265137 -2.0392534732818604
			vertex -3.5418241024017334 9.576571464538574 -1.8588926792144775
			vertex -3.9796037673950195 9.699999809265137 -2.5005507469177246
		endloop
	endfacet
	facet normal 0.16475811432758422 0.9849968979649147 0.05134077095948574
		outer loop
			vertex -4.436251640319824 9.699999809265137 -1.5523115396499634
			vertex -3.8837673664093018 9.576571464538574 -0.9572626352310181
			vertex -3.740064859390259 9.576571464538574 -1.418419599533081
		endloop
	endfacet
	facet normal 0.16167665175407528 0.9845688722657854 0.0669686198369875
		outer loop
			vertex -4.436251640319824 9.699999809265137 -1.5523115396499634
			vertex -3.740064859390259 9.576571464538574 -1.418419599533081
			vertex -4.234553813934326 9.699999809265137 -2.0392534732818604
		endloop
	endfacet
	facet normal 0.17011438054853226 0.9849310859042258 0.031174565756588737
		outer loop
			vertex -4.582160949707031 9.699999809265137 -1.0458483695983887
			vertex -3.9708354473114014 9.576571464538574 -0.4821467101573944
			vertex -3.8837673664093018 9.576571464538574 -0.9572626352310181
		endloop
	endfacet
	facet normal 0.16787900797620148 0.9846204658888476 0.048365037307495765
		outer loop
			vertex -4.582160949707031 9.699999809265137 -1.0458483695983887
			vertex -3.8837673664093018 9.576571464538574 -0.9572626352310181
			vertex -4.436251640319824 9.699999809265137 -1.5523115396499634
		endloop
	endfacet
	facet normal 0.17309143686604014 0.984850105880435 0.01047012086586038
		outer loop
			vertex -4.67044734954834 9.699999809265137 -0.5262330174446106
			vertex -4 9.576571464538574 0
			vertex -3.9708354473114014 9.576571464538574 -0.4821467101573944
		endloop
	endfacet
	facet normal 0.17188172236610355 0.984684621124495 0.02920394557883595
		outer loop
			vertex -4.67044734954834 9.699999809265137 -0.5262330174446106
			vertex -3.9708354473114014 9.576571464538574 -0.4821467101573944
			vertex -4.582160949707031 9.699999809265137 -1.0458483695983887
		endloop
	endfacet
	facet normal 0.17363922822779024 0.9847610523309643 0.009751319524525244
		outer loop
			vertex -4.699999809265137 9.699999809265137 5.939536904165819e-16
			vertex -4 9.576571464538574 0
			vertex -4.67044734954834 9.699999809265137 -0.5262330174446106
		endloop
	endfacet
	facet normal 0.7053179108461982 0.7077836705198032 0.039609599658028974
		outer loop
			vertex 4.97068977355957 9.399999618530273 0.5405951142311096
			vertex 4.699999809265137 9.699999809265137 0
			vertex 4.67044734954834 9.699999809265137 0.5262330174446106
		endloop
	endfacet
	facet normal 0.7065876935361527 0.7065876935361527 0.03831008596335878
		outer loop
			vertex 4.97068977355957 9.399999618530273 0.5405951142311096
			vertex 5 9.399999618530273 0
			vertex 4.699999809265137 9.699999809265137 0
		endloop
	endfacet
	facet normal 0.6953197261800415 0.7089241540720552 0.11813984153592334
		outer loop
			vertex 4.883102893829346 9.399999618530273 1.0748522281646729
			vertex 4.67044734954834 9.699999809265137 0.5262330174446106
			vertex 4.582160949707031 9.699999809265137 1.0458483695983887
		endloop
	endfacet
	facet normal 0.6994095491498618 0.7054635785964118 0.11466220751377276
		outer loop
			vertex 4.883102893829346 9.399999618530273 1.0748522281646729
			vertex 4.97068977355957 9.399999618530273 0.5405951142311096
			vertex 4.67044734954834 9.699999809265137 0.5262330174446106
		endloop
	endfacet
	facet normal 0.6767072576726691 0.709971518603976 0.19495571339229886
		outer loop
			vertex 4.7382659912109375 9.399999618530273 1.5965076684951782
			vertex 4.582160949707031 9.699999809265137 1.0458483695983887
			vertex 4.436251640319824 9.699999809265137 1.5523115396499634
		endloop
	endfacet
	facet normal 0.683913283398817 0.7044184361834913 0.1898875655630303
		outer loop
			vertex 4.7382659912109375 9.399999618530273 1.5965076684951782
			vertex 4.883102893829346 9.399999618530273 1.0748522281646729
			vertex 4.582160949707031 9.699999809265137 1.0458483695983887
		endloop
	endfacet
	facet normal 0.6497325330463044 0.7109274445839208 0.26912785816152396
		outer loop
			vertex 4.537877082824707 9.399999618530273 2.0994455814361572
			vertex 4.436251640319824 9.699999809265137 1.5523115396499634
			vertex 4.234553813934326 9.699999809265137 2.0392534732818604
		endloop
	endfacet
	facet normal 0.6602632548843669 0.7034521884350703 0.2630730940925199
		outer loop
			vertex 4.537877082824707 9.399999618530273 2.0994455814361572
			vertex 4.7382659912109375 9.399999618530273 1.5965076684951782
			vertex 4.436251640319824 9.699999809265137 1.5523115396499634
		endloop
	endfacet
	facet normal 0.6147470633371488 0.7117935298289413 0.33975876590900145
		outer loop
			vertex 4.284286022186279 9.399999618530273 2.5777692794799805
			vertex 4.234553813934326 9.699999809265137 2.0392534732818604
			vertex 3.9796037673950195 9.699999809265137 2.5005507469177246
		endloop
	endfacet
	facet normal 0.6287232177663107 0.7025665027888254 0.3333278035217824
		outer loop
			vertex 4.284286022186279 9.399999618530273 2.5777692794799805
			vertex 4.537877082824707 9.399999618530273 2.0994455814361572
			vertex 4.234553813934326 9.699999809265137 2.0392534732818604
		endloop
	endfacet
	facet normal 0.5721982784362263 0.7125700607782472 0.40599635298497966
		outer loop
			vertex 3.9804654121398926 9.399999618530273 3.0258710384368896
			vertex 3.9796037673950195 9.699999809265137 2.5005507469177246
			vertex 3.674607992172241 9.699999809265137 2.9304020404815674
		endloop
	endfacet
	facet normal 0.5896545591550442 0.701762643105363 0.3997958148973619
		outer loop
			vertex 3.9804654121398926 9.399999618530273 3.0258710384368896
			vertex 4.284286022186279 9.399999618530273 2.5777692794799805
			vertex 3.9796037673950195 9.699999809265137 2.5005507469177246
		endloop
	endfacet
	facet normal 0.5226217689001862 0.7132580973575929 0.467043224151113
		outer loop
			vertex 3.6299774646759033 9.399999618530273 3.438497304916382
			vertex 3.674607992172241 9.699999809265137 2.9304020404815674
			vertex 3.323401927947998 9.699999809265137 3.323401927947998
		endloop
	endfacet
	facet normal 0.5435137919480351 0.7010409023391987 0.46166482561454736
		outer loop
			vertex 3.6299774646759033 9.399999618530273 3.438497304916382
			vertex 3.9804654121398926 9.399999618530273 3.0258710384368896
			vertex 3.674607992172241 9.699999809265137 2.9304020404815674
		endloop
	endfacet
	facet normal 0.46663570564402174 0.7138585589369122 0.522165755340793
		outer loop
			vertex 3.236931324005127 9.399999618530273 3.8108103275299072
			vertex 3.323401927947998 9.699999809265137 3.323401927947998
			vertex 2.9304020404815674 9.699999809265137 3.674607992172241
		endloop
	endfacet
	facet normal 0.49084435861376047 0.7004021698134478 0.5181781702635306
		outer loop
			vertex 3.236931324005127 9.399999618530273 3.8108103275299072
			vertex 3.6299774646759033 9.399999618530273 3.438497304916382
			vertex 3.323401927947998 9.699999809265137 3.323401927947998
		endloop
	endfacet
	facet normal 0.40493459437951657 0.7143719969832434 0.5707018698067052
		outer loop
			vertex 2.8059353828430176 9.399999618530273 4.138444900512695
			vertex 2.9304020404815674 9.699999809265137 3.674607992172241
			vertex 2.5005507469177246 9.699999809265137 3.9796037673950195
		endloop
	endfacet
	facet normal 0.4322713164811232 0.699847399295322 0.5686432331851412
		outer loop
			vertex 2.8059353828430176 9.399999618530273 4.138444900512695
			vertex 3.236931324005127 9.399999618530273 3.8108103275299072
			vertex 2.9304020404815674 9.699999809265137 3.674607992172241
		endloop
	endfacet
	facet normal 0.3382792225655809 0.7147988834150958 0.6120700318174046
		outer loop
			vertex 2.3420422077178955 9.399999618530273 4.41756010055542
			vertex 2.5005507469177246 9.699999809265137 3.9796037673950195
			vertex 2.0392534732818604 9.699999809265137 4.234553813934326
		endloop
	endfacet
	facet normal 0.3684936686318932 0.6993768467179556 0.6124413787890707
		outer loop
			vertex 2.3420422077178955 9.399999618530273 4.41756010055542
			vertex 2.8059353828430176 9.399999618530273 4.138444900512695
			vertex 2.5005507469177246 9.699999809265137 3.9796037673950195
		endloop
	endfacet
	facet normal 0.30027556727070703 0.6989911477896504 0.6490346362190251
		outer loop
			vertex 1.8506907224655151 9.399999618530273 4.644883632659912
			vertex 2.3420422077178955 9.399999618530273 4.41756010055542
			vertex 2.0392534732818604 9.699999809265137 4.234553813934326
		endloop
	endfacet
	facet normal 0.26748836085837296 0.7151400962599899 0.6457744339369229
		outer loop
			vertex 1.8506907224655151 9.399999618530273 4.644883632659912
			vertex 2.0392534732818604 9.699999809265137 4.234553813934326
			vertex 1.5523115396499634 9.699999809265137 4.436251640319824
		endloop
	endfacet
	facet normal 0.22843584264039005 0.6986910218383658 0.6779733931354793
		outer loop
			vertex 1.337641716003418 9.399999618530273 4.817749977111816
			vertex 1.8506907224655151 9.399999618530273 4.644883632659912
			vertex 1.5523115396499634 9.699999809265137 4.436251640319824
		endloop
	endfacet
	facet normal 0.19343010500087698 0.7153957379767798 0.6714117459234746
		outer loop
			vertex 1.337641716003418 9.399999618530273 4.817749977111816
			vertex 1.5523115396499634 9.699999809265137 4.436251640319824
			vertex 1.0458483695983887 9.699999809265137 4.582160949707031
		endloop
	endfacet
	facet normal 0.11701095005428203 0.715565795729154 0.6886755618939132
		outer loop
			vertex 0.8089100122451782 9.399999618530273 4.9341325759887695
			vertex 1.0458483695983887 9.699999809265137 4.582160949707031
			vertex 0.5262330174446106 9.699999809265137 4.67044734954834
		endloop
	endfacet
	facet normal 0.1538398803477741 0.6984764810942984 0.6989019219981506
		outer loop
			vertex 0.8089100122451782 9.399999618530273 4.9341325759887695
			vertex 1.337641716003418 9.399999618530273 4.817749977111816
			vertex 1.0458483695983887 9.699999809265137 4.582160949707031
		endloop
	endfacet
	facet normal 0.039162654157883794 0.7156509890911359 0.6973592677610222
		outer loop
			vertex 0.2706945538520813 9.399999618530273 4.992667198181152
			vertex 0.5262330174446106 9.699999809265137 4.67044734954834
			vertex 8.701201007811372e-15 9.699999809265137 4.699999809265137
		endloop
	endfacet
	facet normal 0.07738737791638249 0.6983473391645291 0.7115632000188383
		outer loop
			vertex 0.2706945538520813 9.399999618530273 4.992667198181152
			vertex 0.8089100122451782 9.399999618530273 4.9341325759887695
			vertex 0.5262330174446106 9.699999809265137 4.67044734954834
		endloop
	endfacet
	facet normal -0.039162654157882476 0.7156509890911363 0.6973592677610218
		outer loop
			vertex -0.2706945538520813 9.399999618530273 4.992667198181152
			vertex 8.701201007811372e-15 9.699999809265137 4.699999809265137
			vertex -0.5262330174446106 9.699999809265137 4.67044734954834
		endloop
	endfacet
	facet normal 0 0.6983046299817712 0.7158007011354639
		outer loop
			vertex -0.2706945538520813 9.399999618530273 4.992667198181152
			vertex 0.2706945538520813 9.399999618530273 4.992667198181152
			vertex 8.701201007811372e-15 9.699999809265137 4.699999809265137
		endloop
	endfacet
	facet normal -0.11701095005428203 0.715565795729154 0.6886755618939132
		outer loop
			vertex -0.8089100122451782 9.399999618530273 4.9341325759887695
			vertex -0.5262330174446106 9.699999809265137 4.67044734954834
			vertex -1.0458483695983887 9.699999809265137 4.582160949707031
		endloop
	endfacet
	facet normal -0.07738737791638249 0.6983473391645291 0.7115632000188383
		outer loop
			vertex -0.8089100122451782 9.399999618530273 4.9341325759887695
			vertex -0.2706945538520813 9.399999618530273 4.992667198181152
			vertex -0.5262330174446106 9.699999809265137 4.67044734954834
		endloop
	endfacet
	facet normal -0.19343010500087698 0.7153957379767798 0.6714117459234746
		outer loop
			vertex -1.337641716003418 9.399999618530273 4.817749977111816
			vertex -1.0458483695983887 9.699999809265137 4.582160949707031
			vertex -1.5523115396499634 9.699999809265137 4.436251640319824
		endloop
	endfacet
	facet normal -0.1538398803477741 0.6984764810942984 0.6989019219981506
		outer loop
			vertex -1.337641716003418 9.399999618530273 4.817749977111816
			vertex -0.8089100122451782 9.399999618530273 4.9341325759887695
			vertex -1.0458483695983887 9.699999809265137 4.582160949707031
		endloop
	endfacet
	facet normal -0.26748836085837296 0.7151400962599899 0.6457744339369229
		outer loop
			vertex -1.8506907224655151 9.399999618530273 4.644883632659912
			vertex -1.5523115396499634 9.699999809265137 4.436251640319824
			vertex -2.0392534732818604 9.699999809265137 4.234553813934326
		endloop
	endfacet
	facet normal -0.22843584264039005 0.6986910218383658 0.6779733931354793
		outer loop
			vertex -1.8506907224655151 9.399999618530273 4.644883632659912
			vertex -1.337641716003418 9.399999618530273 4.817749977111816
			vertex -1.5523115396499634 9.699999809265137 4.436251640319824
		endloop
	endfacet
	facet normal -0.3382792225655809 0.7147988834150958 0.6120700318174046
		outer loop
			vertex -2.3420422077178955 9.399999618530273 4.41756010055542
			vertex -2.0392534732818604 9.699999809265137 4.234553813934326
			vertex -2.5005507469177246 9.699999809265137 3.9796037673950195
		endloop
	endfacet
	facet normal -0.30027556727070703 0.6989911477896504 0.6490346362190251
		outer loop
			vertex -2.3420422077178955 9.399999618530273 4.41756010055542
			vertex -1.8506907224655151 9.399999618530273 4.644883632659912
			vertex -2.0392534732818604 9.699999809265137 4.234553813934326
		endloop
	endfacet
	facet normal -0.40493459437951657 0.7143719969832434 0.5707018698067052
		outer loop
			vertex -2.8059353828430176 9.399999618530273 4.138444900512695
			vertex -2.5005507469177246 9.699999809265137 3.9796037673950195
			vertex -2.9304020404815674 9.699999809265137 3.674607992172241
		endloop
	endfacet
	facet normal -0.3684936686318932 0.6993768467179556 0.6124413787890707
		outer loop
			vertex -2.8059353828430176 9.399999618530273 4.138444900512695
			vertex -2.3420422077178955 9.399999618530273 4.41756010055542
			vertex -2.5005507469177246 9.699999809265137 3.9796037673950195
		endloop
	endfacet
	facet normal -0.46663570564402174 0.7138585589369122 0.522165755340793
		outer loop
			vertex -3.236931324005127 9.399999618530273 3.8108103275299072
			vertex -2.9304020404815674 9.699999809265137 3.674607992172241
			vertex -3.323401927947998 9.699999809265137 3.323401927947998
		endloop
	endfacet
	facet normal -0.4322713164811232 0.699847399295322 0.5686432331851412
		outer loop
			vertex -3.236931324005127 9.399999618530273 3.8108103275299072
			vertex -2.8059353828430176 9.399999618530273 4.138444900512695
			vertex -2.9304020404815674 9.699999809265137 3.674607992172241
		endloop
	endfacet
	facet normal -0.5226217689001862 0.7132580973575929 0.467043224151113
		outer loop
			vertex -3.6299774646759033 9.399999618530273 3.438497304916382
			vertex -3.323401927947998 9.699999809265137 3.323401927947998
			vertex -3.674607992172241 9.699999809265137 2.9304020404815674
		endloop
	endfacet
	facet normal -0.49084435861376047 0.7004021698134478 0.5181781702635306
		outer loop
			vertex -3.6299774646759033 9.399999618530273 3.438497304916382
			vertex -3.236931324005127 9.399999618530273 3.8108103275299072
			vertex -3.323401927947998 9.699999809265137 3.323401927947998
		endloop
	endfacet
	facet normal -0.5435137919480351 0.7010409023391987 0.46166482561454736
		outer loop
			vertex -3.9804654121398926 9.399999618530273 3.0258710384368896
			vertex -3.6299774646759033 9.399999618530273 3.438497304916382
			vertex -3.674607992172241 9.699999809265137 2.9304020404815674
		endloop
	endfacet
	facet normal -0.5721982784362263 0.7125700607782472 0.40599635298497966
		outer loop
			vertex -3.9796037673950195 9.699999809265137 2.5005507469177246
			vertex -3.9804654121398926 9.399999618530273 3.0258710384368896
			vertex -3.674607992172241 9.699999809265137 2.9304020404815674
		endloop
	endfacet
	facet normal -0.5896545591550442 0.701762643105363 0.3997958148973619
		outer loop
			vertex -4.284286022186279 9.399999618530273 2.5777692794799805
			vertex -3.9804654121398926 9.399999618530273 3.0258710384368896
			vertex -3.9796037673950195 9.699999809265137 2.5005507469177246
		endloop
	endfacet
	facet normal -0.6147470633371488 0.7117935298289413 0.33975876590900145
		outer loop
			vertex -4.234553813934326 9.699999809265137 2.0392534732818604
			vertex -4.284286022186279 9.399999618530273 2.5777692794799805
			vertex -3.9796037673950195 9.699999809265137 2.5005507469177246
		endloop
	endfacet
	facet normal -0.6287232177663107 0.7025665027888254 0.3333278035217824
		outer loop
			vertex -4.537877082824707 9.399999618530273 2.0994455814361572
			vertex -4.284286022186279 9.399999618530273 2.5777692794799805
			vertex -4.234553813934326 9.699999809265137 2.0392534732818604
		endloop
	endfacet
	facet normal -0.6497325330463044 0.7109274445839208 0.26912785816152396
		outer loop
			vertex -4.436251640319824 9.699999809265137 1.5523115396499634
			vertex -4.537877082824707 9.399999618530273 2.0994455814361572
			vertex -4.234553813934326 9.699999809265137 2.0392534732818604
		endloop
	endfacet
	facet normal -0.6602632548843669 0.7034521884350703 0.2630730940925199
		outer loop
			vertex -4.7382659912109375 9.399999618530273 1.5965076684951782
			vertex -4.537877082824707 9.399999618530273 2.0994455814361572
			vertex -4.436251640319824 9.699999809265137 1.5523115396499634
		endloop
	endfacet
	facet normal -0.6767072576726691 0.709971518603976 0.19495571339229886
		outer loop
			vertex -4.582160949707031 9.699999809265137 1.0458483695983887
			vertex -4.7382659912109375 9.399999618530273 1.5965076684951782
			vertex -4.436251640319824 9.699999809265137 1.5523115396499634
		endloop
	endfacet
	facet normal -0.683913283398817 0.7044184361834913 0.1898875655630303
		outer loop
			vertex -4.883102893829346 9.399999618530273 1.0748522281646729
			vertex -4.7382659912109375 9.399999618530273 1.5965076684951782
			vertex -4.582160949707031 9.699999809265137 1.0458483695983887
		endloop
	endfacet
	facet normal -0.6953197261800415 0.7089241540720552 0.11813984153592334
		outer loop
			vertex -4.67044734954834 9.699999809265137 0.5262330174446106
			vertex -4.883102893829346 9.399999618530273 1.0748522281646729
			vertex -4.582160949707031 9.699999809265137 1.0458483695983887
		endloop
	endfacet
	facet normal -0.6994095491498618 0.7054635785964118 0.11466220751377276
		outer loop
			vertex -4.97068977355957 9.399999618530273 0.5405951142311096
			vertex -4.883102893829346 9.399999618530273 1.0748522281646729
			vertex -4.67044734954834 9.699999809265137 0.5262330174446106
		endloop
	endfacet
	facet normal -0.7053179108461982 0.7077836705198032 0.039609599658029016
		outer loop
			vertex -4.699999809265137 9.699999809265137 5.939536904165819e-16
			vertex -4.97068977355957 9.399999618530273 0.5405951142311096
			vertex -4.67044734954834 9.699999809265137 0.5262330174446106
		endloop
	endfacet
	facet normal -0.7065876935361527 0.7065876935361527 0.03831008596335883
		outer loop
			vertex -5 9.399999618530273 6.123233998228043e-16
			vertex -4.97068977355957 9.399999618530273 0.5405951142311096
			vertex -4.699999809265137 9.699999809265137 5.939536904165819e-16
		endloop
	endfacet
	facet normal 0.9985334127514008 0 0.05413892886861455
		outer loop
			vertex 4.97068977355957 7 0.5405951142311096
			vertex 5 9.399999618530273 0
			vertex 4.97068977355957 9.399999618530273 0.5405951142311096
		endloop
	endfacet
	facet normal 0.9985334127514008 0 0.05413892886861455
		outer loop
			vertex 4.97068977355957 7 0.5405951142311096
			vertex 5 7 0
			vertex 5 9.399999618530273 0
		endloop
	endfacet
	facet normal 0.9868265603791245 0 0.16178176575345682
		outer loop
			vertex 4.883102893829346 7 1.0748522281646729
			vertex 4.97068977355957 9.399999618530273 0.5405951142311096
			vertex 4.883102893829346 9.399999618530273 1.0748522281646729
		endloop
	endfacet
	facet normal 0.9868265603791245 0 0.16178176575345682
		outer loop
			vertex 4.883102893829346 7 1.0748522281646729
			vertex 4.97068977355957 7 0.5405951142311096
			vertex 4.97068977355957 9.399999618530273 0.5405951142311096
		endloop
	endfacet
	facet normal 0.9635500008218978 0 0.2675283086256875
		outer loop
			vertex 4.7382659912109375 7 1.5965076684951782
			vertex 4.883102893829346 9.399999618530273 1.0748522281646729
			vertex 4.7382659912109375 9.399999618530273 1.5965076684951782
		endloop
	endfacet
	facet normal 0.9635500008218978 0 0.2675283086256875
		outer loop
			vertex 4.7382659912109375 7 1.5965076684951782
			vertex 4.883102893829346 7 1.0748522281646729
			vertex 4.883102893829346 9.399999618530273 1.0748522281646729
		endloop
	endfacet
	facet normal 0.9289766381483133 0 0.3701383603122731
		outer loop
			vertex 4.537877082824707 7 2.0994455814361572
			vertex 4.7382659912109375 9.399999618530273 1.5965076684951782
			vertex 4.537877082824707 9.399999618530273 2.0994455814361572
		endloop
	endfacet
	facet normal 0.8835121319283672 0 0.46840827569054705
		outer loop
			vertex 4.537877082824707 7 2.0994455814361572
			vertex 4.537877082824707 9.399999618530273 2.0994455814361572
			vertex 4.284286022186279 9.399999618530273 2.5777692794799805
		endloop
	endfacet
	facet normal 0.9289766381483133 0 0.3701383603122731
		outer loop
			vertex 4.537877082824707 7 2.0994455814361572
			vertex 4.7382659912109375 7 1.5965076684951782
			vertex 4.7382659912109375 9.399999618530273 1.5965076684951782
		endloop
	endfacet
	facet normal 0.8835121319283672 0 0.46840827569054705
		outer loop
			vertex 4.284286022186279 7 2.5777692794799805
			vertex 4.537877082824707 7 2.0994455814361572
			vertex 4.284286022186279 9.399999618530273 2.5777692794799805
		endloop
	endfacet
	facet normal 0.8276889305145899 0 0.5611871651272989
		outer loop
			vertex 3.9804654121398926 7 3.0258710384368896
			vertex 4.284286022186279 9.399999618530273 2.5777692794799805
			vertex 3.9804654121398926 9.399999618530273 3.0258710384368896
		endloop
	endfacet
	facet normal 0.7621620208359644 0 0.6473863251531028
		outer loop
			vertex 3.9804654121398926 7 3.0258710384368896
			vertex 3.9804654121398926 9.399999618530273 3.0258710384368896
			vertex 3.6299774646759033 9.399999618530273 3.438497304916382
		endloop
	endfacet
	facet normal 0.8276889305145899 0 0.5611871651272989
		outer loop
			vertex 3.9804654121398926 7 3.0258710384368896
			vertex 4.284286022186279 7 2.5777692794799805
			vertex 4.284286022186279 9.399999618530273 2.5777692794799805
		endloop
	endfacet
	facet normal 0.6876994022074437 0 0.7259955455810488
		outer loop
			vertex 3.6299774646759033 7 3.438497304916382
			vertex 3.6299774646759033 9.399999618530273 3.438497304916382
			vertex 3.236931324005127 9.399999618530273 3.8108103275299072
		endloop
	endfacet
	facet normal 0.7621620208359644 0 0.6473863251531028
		outer loop
			vertex 3.6299774646759033 7 3.438497304916382
			vertex 3.9804654121398926 7 3.0258710384368896
			vertex 3.6299774646759033 9.399999618530273 3.438497304916382
		endloop
	endfacet
	facet normal 0.6876994022074437 0 0.7259955455810488
		outer loop
			vertex 3.236931324005127 7 3.8108103275299072
			vertex 3.6299774646759033 7 3.438497304916382
			vertex 3.236931324005127 9.399999618530273 3.8108103275299072
		endloop
	endfacet
	facet normal 0.6051741875380785 0 0.7960930867289495
		outer loop
			vertex 2.8059353828430176 7 4.138444900512695
			vertex 3.236931324005127 9.399999618530273 3.8108103275299072
			vertex 2.8059353828430176 9.399999618530273 4.138444900512695
		endloop
	endfacet
	facet normal 0.6051741875380785 0 0.7960930867289495
		outer loop
			vertex 2.8059353828430176 7 4.138444900512695
			vertex 3.236931324005127 7 3.8108103275299072
			vertex 3.236931324005127 9.399999618530273 3.8108103275299072
		endloop
	endfacet
	facet normal 0.5155537723129132 0 0.8568572272286235
		outer loop
			vertex 2.3420422077178955 7 4.41756010055542
			vertex 2.8059353828430176 7 4.138444900512695
			vertex 2.8059353828430176 9.399999618530273 4.138444900512695
		endloop
	endfacet
	facet normal 0.5155537723129132 0 0.8568572272286235
		outer loop
			vertex 2.3420422077178955 7 4.41756010055542
			vertex 2.8059353828430176 9.399999618530273 4.138444900512695
			vertex 2.3420422077178955 9.399999618530273 4.41756010055542
		endloop
	endfacet
	facet normal 0.41988929662060115 0 0.9075753294264103
		outer loop
			vertex 1.8506907224655151 7 4.644883632659912
			vertex 2.3420422077178955 7 4.41756010055542
			vertex 2.3420422077178955 9.399999618530273 4.41756010055542
		endloop
	endfacet
	facet normal 0.41988929662060115 0 0.9075753294264103
		outer loop
			vertex 1.8506907224655151 7 4.644883632659912
			vertex 2.3420422077178955 9.399999618530273 4.41756010055542
			vertex 1.8506907224655151 9.399999618530273 4.644883632659912
		endloop
	endfacet
	facet normal 0.31930154188567184 0 0.9476531672238703
		outer loop
			vertex 1.8506907224655151 7 4.644883632659912
			vertex 1.8506907224655151 9.399999618530273 4.644883632659912
			vertex 1.337641716003418 9.399999618530273 4.817749977111816
		endloop
	endfacet
	facet normal 0.31930154188567184 0 0.9476531672238703
		outer loop
			vertex 1.337641716003418 7 4.817749977111816
			vertex 1.8506907224655151 7 4.644883632659912
			vertex 1.337641716003418 9.399999618530273 4.817749977111816
		endloop
	endfacet
	facet normal 0.21497035232378994 0 0.9766205750555257
		outer loop
			vertex 0.8089100122451782 7 4.9341325759887695
			vertex 1.337641716003418 9.399999618530273 4.817749977111816
			vertex 0.8089100122451782 9.399999618530273 4.9341325759887695
		endloop
	endfacet
	facet normal 0.21497035232378994 0 0.9766205750555257
		outer loop
			vertex 0.8089100122451782 7 4.9341325759887695
			vertex 1.337641716003418 7 4.817749977111816
			vertex 1.337641716003418 9.399999618530273 4.817749977111816
		endloop
	endfacet
	facet normal 0.10811931712503033 0 0.9941379246686133
		outer loop
			vertex 0.2706945538520813 7 4.992667198181152
			vertex 0.8089100122451782 9.399999618530273 4.9341325759887695
			vertex 0.2706945538520813 9.399999618530273 4.992667198181152
		endloop
	endfacet
	facet normal 0 0 1
		outer loop
			vertex 0.2706945538520813 7 4.992667198181152
			vertex 0.2706945538520813 9.399999618530273 4.992667198181152
			vertex -0.2706945538520813 9.399999618530273 4.992667198181152
		endloop
	endfacet
	facet normal 0.10811931712503033 0 0.9941379246686133
		outer loop
			vertex 0.2706945538520813 7 4.992667198181152
			vertex 0.8089100122451782 7 4.9341325759887695
			vertex 0.8089100122451782 9.399999618530273 4.9341325759887695
		endloop
	endfacet
	facet normal 0 0 1
		outer loop
			vertex -0.2706945538520813 7 4.992667198181152
			vertex 0.2706945538520813 7 4.992667198181152
			vertex -0.2706945538520813 9.399999618530273 4.992667198181152
		endloop
	endfacet
	facet normal -0.10811931712503033 0 0.9941379246686133
		outer loop
			vertex -0.8089100122451782 7 4.9341325759887695
			vertex -0.2706945538520813 9.399999618530273 4.992667198181152
			vertex -0.8089100122451782 9.399999618530273 4.9341325759887695
		endloop
	endfacet
	facet normal -0.10811931712503033 0 0.9941379246686133
		outer loop
			vertex -0.8089100122451782 7 4.9341325759887695
			vertex -0.2706945538520813 7 4.992667198181152
			vertex -0.2706945538520813 9.399999618530273 4.992667198181152
		endloop
	endfacet
	facet normal -0.21497035232378994 0 0.9766205750555257
		outer loop
			vertex -1.337641716003418 7 4.817749977111816
			vertex -0.8089100122451782 9.399999618530273 4.9341325759887695
			vertex -1.337641716003418 9.399999618530273 4.817749977111816
		endloop
	endfacet
	facet normal -0.21497035232378994 0 0.9766205750555257
		outer loop
			vertex -1.337641716003418 7 4.817749977111816
			vertex -0.8089100122451782 7 4.9341325759887695
			vertex -0.8089100122451782 9.399999618530273 4.9341325759887695
		endloop
	endfacet
	facet normal -0.31930154188567184 0 0.9476531672238703
		outer loop
			vertex -1.8506907224655151 7 4.644883632659912
			vertex -1.337641716003418 9.399999618530273 4.817749977111816
			vertex -1.8506907224655151 9.399999618530273 4.644883632659912
		endloop
	endfacet
	facet normal -0.41988929662060115 0 0.9075753294264103
		outer loop
			vertex -1.8506907224655151 7 4.644883632659912
			vertex -1.8506907224655151 9.399999618530273 4.644883632659912
			vertex -2.3420422077178955 9.399999618530273 4.41756010055542
		endloop
	endfacet
	facet normal -0.31930154188567184 0 0.9476531672238703
		outer loop
			vertex -1.8506907224655151 7 4.644883632659912
			vertex -1.337641716003418 7 4.817749977111816
			vertex -1.337641716003418 9.399999618530273 4.817749977111816
		endloop
	endfacet
	facet normal -0.5155537723129132 0 0.8568572272286235
		outer loop
			vertex -2.3420422077178955 7 4.41756010055542
			vertex -2.3420422077178955 9.399999618530273 4.41756010055542
			vertex -2.8059353828430176 9.399999618530273 4.138444900512695
		endloop
	endfacet
	facet normal -0.41988929662060115 0 0.9075753294264103
		outer loop
			vertex -2.3420422077178955 7 4.41756010055542
			vertex -1.8506907224655151 7 4.644883632659912
			vertex -2.3420422077178955 9.399999618530273 4.41756010055542
		endloop
	endfacet
	facet normal -0.5155537723129132 0 0.8568572272286235
		outer loop
			vertex -2.8059353828430176 7 4.138444900512695
			vertex -2.3420422077178955 7 4.41756010055542
			vertex -2.8059353828430176 9.399999618530273 4.138444900512695
		endloop
	endfacet
	facet normal -0.6051741875380785 0 0.7960930867289495
		outer loop
			vertex -3.236931324005127 7 3.8108103275299072
			vertex -2.8059353828430176 9.399999618530273 4.138444900512695
			vertex -3.236931324005127 9.399999618530273 3.8108103275299072
		endloop
	endfacet
	facet normal -0.6051741875380785 0 0.7960930867289495
		outer loop
			vertex -3.236931324005127 7 3.8108103275299072
			vertex -2.8059353828430176 7 4.138444900512695
			vertex -2.8059353828430176 9.399999618530273 4.138444900512695
		endloop
	endfacet
	facet normal -0.6876994022074437 0 0.7259955455810488
		outer loop
			vertex -3.6299774646759033 7 3.438497304916382
			vertex -3.236931324005127 9.399999618530273 3.8108103275299072
			vertex -3.6299774646759033 9.399999618530273 3.438497304916382
		endloop
	endfacet
	facet normal -0.6876994022074437 0 0.7259955455810488
		outer loop
			vertex -3.6299774646759033 7 3.438497304916382
			vertex -3.236931324005127 7 3.8108103275299072
			vertex -3.236931324005127 9.399999618530273 3.8108103275299072
		endloop
	endfacet
	facet normal -0.7621620208359644 0 0.6473863251531028
		outer loop
			vertex -3.9804654121398926 7 3.0258710384368896
			vertex -3.6299774646759033 9.399999618530273 3.438497304916382
			vertex -3.9804654121398926 9.399999618530273 3.0258710384368896
		endloop
	endfacet
	facet normal -0.7621620208359644 0 0.6473863251531028
		outer loop
			vertex -3.9804654121398926 7 3.0258710384368896
			vertex -3.6299774646759033 7 3.438497304916382
			vertex -3.6299774646759033 9.399999618530273 3.438497304916382
		endloop
	endfacet
	facet normal -0.8276889305145899 0 0.5611871651272989
		outer loop
			vertex -4.284286022186279 7 2.5777692794799805
			vertex -3.9804654121398926 9.399999618530273 3.0258710384368896
			vertex -4.284286022186279 9.399999618530273 2.5777692794799805
		endloop
	endfacet
	facet normal -0.8276889305145899 0 0.5611871651272989
		outer loop
			vertex -4.284286022186279 7 2.5777692794799805
			vertex -3.9804654121398926 7 3.0258710384368896
			vertex -3.9804654121398926 9.399999618530273 3.0258710384368896
		endloop
	endfacet
	facet normal -0.8835121319283672 0 0.46840827569054705
		outer loop
			vertex -4.537877082824707 7 2.0994455814361572
			vertex -4.284286022186279 9.399999618530273 2.5777692794799805
			vertex -4.537877082824707 9.399999618530273 2.0994455814361572
		endloop
	endfacet
	facet normal -0.8835121319283672 0 0.46840827569054705
		outer loop
			vertex -4.537877082824707 7 2.0994455814361572
			vertex -4.284286022186279 7 2.5777692794799805
			vertex -4.284286022186279 9.399999618530273 2.5777692794799805
		endloop
	endfacet
	facet normal -0.9289766381483133 0 0.3701383603122731
		outer loop
			vertex -4.7382659912109375 7 1.5965076684951782
			vertex -4.537877082824707 9.399999618530273 2.0994455814361572
			vertex -4.7382659912109375 9.399999618530273 1.5965076684951782
		endloop
	endfacet
	facet normal -0.9289766381483133 0 0.3701383603122731
		outer loop
			vertex -4.7382659912109375 7 1.5965076684951782
			vertex -4.537877082824707 7 2.0994455814361572
			vertex -4.537877082824707 9.399999618530273 2.0994455814361572
		endloop
	endfacet
	facet normal -0.9635500008218978 0 0.2675283086256875
		outer loop
			vertex -4.883102893829346 7 1.0748522281646729
			vertex -4.7382659912109375 9.399999618530273 1.5965076684951782
			vertex -4.883102893829346 9.399999618530273 1.0748522281646729
		endloop
	endfacet
	facet normal -0.9635500008218978 0 0.2675283086256875
		outer loop
			vertex -4.883102893829346 7 1.0748522281646729
			vertex -4.7382659912109375 7 1.5965076684951782
			vertex -4.7382659912109375 9.399999618530273 1.5965076684951782
		endloop
	endfacet
	facet normal -0.9868265603791245 0 0.16178176575345682
		outer loop
			vertex -4.97068977355957 7 0.5405951142311096
			vertex -4.883102893829346 9.399999618530273 1.0748522281646729
			vertex -4.97068977355957 9.399999618530273 0.5405951142311096
		endloop
	endfacet
	facet normal -0.9868265603791245 0 0.16178176575345682
		outer loop
			vertex -4.97068977355957 7 0.5405951142311096
			vertex -4.883102893829346 7 1.0748522281646729
			vertex -4.883102893829346 9.399999618530273 1.0748522281646729
		endloop
	endfacet
	facet normal -0.9985334127514007 0 0.05413892886861461
		outer loop
			vertex -5 7 6.123233998228043e-16
			vertex -4.97068977355957 9.399999618530273 0.5405951142311096
			vertex -5 9.399999618530273 6.123233998228043e-16
		endloop
	endfacet
	facet normal -0.9985334127514007 0 0.05413892886861461
		outer loop
			vertex -5 7 6.123233998228043e-16
			vertex -4.97068977355957 7 0.5405951142311096
			vertex -4.97068977355957 9.399999618530273 0.5405951142311096
		endloop
	endfacet
	facet normal 0.9981755480174103 0 0.06037860001807608
		outer loop
			vertex 3.9708354473114014 6 0.4821467101573944
			vertex 4 7 0
			vertex 3.9708354473114014 7 0.4821467101573944
		endloop
	endfacet
	facet normal 0.9981755480174103 0 0.06037860001807608
		outer loop
			vertex 3.9708354473114014 6 0.4821467101573944
			vertex 4 6 0
			vertex 4 7 0
		endloop
	endfacet
	facet normal 0.9836199597162844 0 0.18025474986178666
		outer loop
			vertex 3.8837673664093018 6 0.9572626352310181
			vertex 3.9708354473114014 7 0.4821467101573944
			vertex 3.8837673664093018 7 0.9572626352310181
		endloop
	endfacet
	facet normal 0.9836199597162844 0 0.18025474986178666
		outer loop
			vertex 3.8837673664093018 6 0.9572626352310181
			vertex 3.9708354473114014 6 0.4821467101573944
			vertex 3.9708354473114014 7 0.4821467101573944
		endloop
	endfacet
	facet normal 0.954720757594079 0 0.2975034033737901
		outer loop
			vertex 3.740064859390259 6 1.418419599533081
			vertex 3.8837673664093018 7 0.9572626352310181
			vertex 3.740064859390259 7 1.418419599533081
		endloop
	endfacet
	facet normal 0.954720757594079 0 0.2975034033737901
		outer loop
			vertex 3.740064859390259 6 1.418419599533081
			vertex 3.8837673664093018 6 0.9572626352310181
			vertex 3.8837673664093018 7 0.9572626352310181
		endloop
	endfacet
	facet normal 0.9118999110691429 0 0.41041266085744627
		outer loop
			vertex 3.5418241024017334 6 1.8588926792144775
			vertex 3.740064859390259 7 1.418419599533081
			vertex 3.5418241024017334 7 1.8588926792144775
		endloop
	endfacet
	facet normal 0.9118999110691429 0 0.41041266085744627
		outer loop
			vertex 3.5418241024017334 6 1.8588926792144775
			vertex 3.740064859390259 6 1.418419599533081
			vertex 3.740064859390259 7 1.418419599533081
		endloop
	endfacet
	facet normal 0.8557812649691209 0 0.5173378263068066
		outer loop
			vertex 3.291935443878174 6 2.272258996963501
			vertex 3.5418241024017334 7 1.8588926792144775
			vertex 3.291935443878174 7 2.272258996963501
		endloop
	endfacet
	facet normal 0.8557812649691209 0 0.5173378263068066
		outer loop
			vertex 3.291935443878174 6 2.272258996963501
			vertex 3.5418241024017334 6 1.8588926792144775
			vertex 3.5418241024017334 7 1.8588926792144775
		endloop
	endfacet
	facet normal 0.7871835987402919 0 0.6167187218451239
		outer loop
			vertex 2.9940431118011475 6 2.6524906158447266
			vertex 3.291935443878174 7 2.272258996963501
			vertex 2.9940431118011475 7 2.6524906158447266
		endloop
	endfacet
	facet normal 0.7071067811865476 0 0.7071067811865476
		outer loop
			vertex 2.9940431118011475 6 2.6524906158447266
			vertex 2.9940431118011475 7 2.6524906158447266
			vertex 2.6524906158447266 7 2.9940431118011475
		endloop
	endfacet
	facet normal 0.7871835987402919 0 0.6167187218451239
		outer loop
			vertex 2.9940431118011475 6 2.6524906158447266
			vertex 3.291935443878174 6 2.272258996963501
			vertex 3.291935443878174 7 2.272258996963501
		endloop
	endfacet
	facet normal 0.7071067811865476 0 0.7071067811865476
		outer loop
			vertex 2.6524906158447266 6 2.9940431118011475
			vertex 2.9940431118011475 6 2.6524906158447266
			vertex 2.6524906158447266 7 2.9940431118011475
		endloop
	endfacet
	facet normal 0.6167187218451239 0 0.7871835987402919
		outer loop
			vertex 2.272258996963501 6 3.291935443878174
			vertex 2.6524906158447266 7 2.9940431118011475
			vertex 2.272258996963501 7 3.291935443878174
		endloop
	endfacet
	facet normal 0.6167187218451239 0 0.7871835987402919
		outer loop
			vertex 2.272258996963501 6 3.291935443878174
			vertex 2.6524906158447266 6 2.9940431118011475
			vertex 2.6524906158447266 7 2.9940431118011475
		endloop
	endfacet
	facet normal 0.5173378263068066 0 0.8557812649691209
		outer loop
			vertex 1.8588926792144775 6 3.5418241024017334
			vertex 2.272258996963501 7 3.291935443878174
			vertex 1.8588926792144775 7 3.5418241024017334
		endloop
	endfacet
	facet normal 0.41041266085744627 0 0.9118999110691429
		outer loop
			vertex 1.8588926792144775 6 3.5418241024017334
			vertex 1.8588926792144775 7 3.5418241024017334
			vertex 1.418419599533081 7 3.740064859390259
		endloop
	endfacet
	facet normal 0.5173378263068066 0 0.8557812649691209
		outer loop
			vertex 1.8588926792144775 6 3.5418241024017334
			vertex 2.272258996963501 6 3.291935443878174
			vertex 2.272258996963501 7 3.291935443878174
		endloop
	endfacet
	facet normal 0.41041266085744627 0 0.9118999110691429
		outer loop
			vertex 1.418419599533081 6 3.740064859390259
			vertex 1.8588926792144775 6 3.5418241024017334
			vertex 1.418419599533081 7 3.740064859390259
		endloop
	endfacet
	facet normal 0.2975034033737901 0 0.954720757594079
		outer loop
			vertex 0.9572626352310181 6 3.8837673664093018
			vertex 1.418419599533081 6 3.740064859390259
			vertex 1.418419599533081 7 3.740064859390259
		endloop
	endfacet
	facet normal 0.2975034033737901 0 0.954720757594079
		outer loop
			vertex 0.9572626352310181 6 3.8837673664093018
			vertex 1.418419599533081 7 3.740064859390259
			vertex 0.9572626352310181 7 3.8837673664093018
		endloop
	endfacet
	facet normal 0.18025474986178666 0 0.9836199597162844
		outer loop
			vertex 0.4821467101573944 6 3.9708354473114014
			vertex 0.9572626352310181 6 3.8837673664093018
			vertex 0.9572626352310181 7 3.8837673664093018
		endloop
	endfacet
	facet normal 0.18025474986178666 0 0.9836199597162844
		outer loop
			vertex 0.4821467101573944 6 3.9708354473114014
			vertex 0.9572626352310181 7 3.8837673664093018
			vertex 0.4821467101573944 7 3.9708354473114014
		endloop
	endfacet
	facet normal 0.06037860001807698 0 0.9981755480174103
		outer loop
			vertex 7.22545700842462e-15 6 4
			vertex 0.4821467101573944 6 3.9708354473114014
			vertex 0.4821467101573944 7 3.9708354473114014
		endloop
	endfacet
	facet normal 0.060378600018077086 -5.3870280139210733e-17 0.9981755480174102
		outer loop
			vertex 7.22545700842462e-15 6 4
			vertex 0.4821467101573944 7 3.9708354473114014
			vertex 8.092818746413023e-15 7 4
		endloop
	endfacet
	facet normal -0.06037860001807507 5.2370087448984246e-17 0.9981755480174103
		outer loop
			vertex 7.22545700842462e-15 6 4
			vertex 8.092818746413023e-15 7 4
			vertex -0.4821467101573944 7 3.9708354473114014
		endloop
	endfacet
	facet normal -0.060378600018075185 0 0.9981755480174104
		outer loop
			vertex -0.4821467101573944 6 3.9708354473114014
			vertex 7.22545700842462e-15 6 4
			vertex -0.4821467101573944 7 3.9708354473114014
		endloop
	endfacet
	facet normal -0.18025474986178666 0 0.9836199597162844
		outer loop
			vertex -0.9572626352310181 6 3.8837673664093018
			vertex -0.4821467101573944 7 3.9708354473114014
			vertex -0.9572626352310181 7 3.8837673664093018
		endloop
	endfacet
	facet normal -0.18025474986178666 0 0.9836199597162844
		outer loop
			vertex -0.9572626352310181 6 3.8837673664093018
			vertex -0.4821467101573944 6 3.9708354473114014
			vertex -0.4821467101573944 7 3.9708354473114014
		endloop
	endfacet
	facet normal -0.2975034033737901 0 0.954720757594079
		outer loop
			vertex -0.9572626352310181 6 3.8837673664093018
			vertex -0.9572626352310181 7 3.8837673664093018
			vertex -1.418419599533081 7 3.740064859390259
		endloop
	endfacet
	facet normal -0.41041266085744627 0 0.9118999110691429
		outer loop
			vertex -1.418419599533081 6 3.740064859390259
			vertex -1.418419599533081 7 3.740064859390259
			vertex -1.8588926792144775 7 3.5418241024017334
		endloop
	endfacet
	facet normal -0.2975034033737901 0 0.954720757594079
		outer loop
			vertex -1.418419599533081 6 3.740064859390259
			vertex -0.9572626352310181 6 3.8837673664093018
			vertex -1.418419599533081 7 3.740064859390259
		endloop
	endfacet
	facet normal -0.41041266085744627 0 0.9118999110691429
		outer loop
			vertex -1.8588926792144775 6 3.5418241024017334
			vertex -1.418419599533081 6 3.740064859390259
			vertex -1.8588926792144775 7 3.5418241024017334
		endloop
	endfacet
	facet normal -0.5173378263068066 0 0.8557812649691209
		outer loop
			vertex -2.272258996963501 6 3.291935443878174
			vertex -1.8588926792144775 7 3.5418241024017334
			vertex -2.272258996963501 7 3.291935443878174
		endloop
	endfacet
	facet normal -0.5173378263068066 0 0.8557812649691209
		outer loop
			vertex -2.272258996963501 6 3.291935443878174
			vertex -1.8588926792144775 6 3.5418241024017334
			vertex -1.8588926792144775 7 3.5418241024017334
		endloop
	endfacet
	facet normal -0.6167187218451239 0 0.7871835987402919
		outer loop
			vertex -2.6524906158447266 6 2.9940431118011475
			vertex -2.272258996963501 7 3.291935443878174
			vertex -2.6524906158447266 7 2.9940431118011475
		endloop
	endfacet
	facet normal -0.7071067811865476 0 0.7071067811865476
		outer loop
			vertex -2.6524906158447266 6 2.9940431118011475
			vertex -2.6524906158447266 7 2.9940431118011475
			vertex -2.9940431118011475 7 2.6524906158447266
		endloop
	endfacet
	facet normal -0.6167187218451239 0 0.7871835987402919
		outer loop
			vertex -2.6524906158447266 6 2.9940431118011475
			vertex -2.272258996963501 6 3.291935443878174
			vertex -2.272258996963501 7 3.291935443878174
		endloop
	endfacet
	facet normal -0.7871835987402919 0 0.6167187218451239
		outer loop
			vertex -2.9940431118011475 6 2.6524906158447266
			vertex -2.9940431118011475 7 2.6524906158447266
			vertex -3.291935443878174 7 2.272258996963501
		endloop
	endfacet
	facet normal -0.7071067811865476 0 0.7071067811865476
		outer loop
			vertex -2.9940431118011475 6 2.6524906158447266
			vertex -2.6524906158447266 6 2.9940431118011475
			vertex -2.9940431118011475 7 2.6524906158447266
		endloop
	endfacet
	facet normal -0.7871835987402919 0 0.6167187218451239
		outer loop
			vertex -3.291935443878174 6 2.272258996963501
			vertex -2.9940431118011475 6 2.6524906158447266
			vertex -3.291935443878174 7 2.272258996963501
		endloop
	endfacet
	facet normal -0.8557812649691209 0 0.5173378263068066
		outer loop
			vertex -3.5418241024017334 6 1.8588926792144775
			vertex -3.291935443878174 7 2.272258996963501
			vertex -3.5418241024017334 7 1.8588926792144775
		endloop
	endfacet
	facet normal -0.8557812649691209 0 0.5173378263068066
		outer loop
			vertex -3.5418241024017334 6 1.8588926792144775
			vertex -3.291935443878174 6 2.272258996963501
			vertex -3.291935443878174 7 2.272258996963501
		endloop
	endfacet
	facet normal -0.9118999110691429 0 0.41041266085744627
		outer loop
			vertex -3.740064859390259 6 1.418419599533081
			vertex -3.5418241024017334 7 1.8588926792144775
			vertex -3.740064859390259 7 1.418419599533081
		endloop
	endfacet
	facet normal -0.9118999110691429 0 0.41041266085744627
		outer loop
			vertex -3.740064859390259 6 1.418419599533081
			vertex -3.5418241024017334 6 1.8588926792144775
			vertex -3.5418241024017334 7 1.8588926792144775
		endloop
	endfacet
	facet normal -0.954720757594079 0 0.2975034033737901
		outer loop
			vertex -3.8837673664093018 6 0.9572626352310181
			vertex -3.740064859390259 7 1.418419599533081
			vertex -3.8837673664093018 7 0.9572626352310181
		endloop
	endfacet
	facet normal -0.954720757594079 0 0.2975034033737901
		outer loop
			vertex -3.8837673664093018 6 0.9572626352310181
			vertex -3.740064859390259 6 1.418419599533081
			vertex -3.740064859390259 7 1.418419599533081
		endloop
	endfacet
	facet normal -0.9836199597162844 0 0.18025474986178666
		outer loop
			vertex -3.9708354473114014 6 0.4821467101573944
			vertex -3.8837673664093018 7 0.9572626352310181
			vertex -3.9708354473114014 7 0.4821467101573944
		endloop
	endfacet
	facet normal -0.9836199597162844 0 0.18025474986178666
		outer loop
			vertex -3.9708354473114014 6 0.4821467101573944
			vertex -3.8837673664093018 6 0.9572626352310181
			vertex -3.8837673664093018 7 0.9572626352310181
		endloop
	endfacet
	facet normal -0.9981755480174103 0 0.06037860001807614
		outer loop
			vertex -4 6 4.898587410340671e-16
			vertex -3.9708354473114014 7 0.4821467101573944
			vertex -4 7 4.898587410340671e-16
		endloop
	endfacet
	facet normal -0.9981755480174103 0 0.06037860001807614
		outer loop
			vertex -4 6 4.898587410340671e-16
			vertex -3.9708354473114014 6 0.4821467101573944
			vertex -3.9708354473114014 7 0.4821467101573944
		endloop
	endfacet
	facet normal 0.9978589127587975 0 0.06540328912088977
		outer loop
			vertex 3.4000000953674316 4 0
			vertex 3.4000000953674316 6 0
			vertex 3.370912551879883 6 0.4437890648841858
		endloop
	endfacet
	facet normal 0.9978589127587975 0 0.06540328912088977
		outer loop
			vertex 3.370912551879883 4 0.4437890648841858
			vertex 3.4000000953674316 4 0
			vertex 3.370912551879883 6 0.4437890648841858
		endloop
	endfacet
	facet normal 0.9807852378967429 0 0.19509053571055024
		outer loop
			vertex 3.2841477394104004 4 0.8799847364425659
			vertex 3.370912551879883 6 0.4437890648841858
			vertex 3.2841477394104004 6 0.8799847364425659
		endloop
	endfacet
	facet normal 0.9807852378967429 0 0.19509053571055024
		outer loop
			vertex 3.2841477394104004 4 0.8799847364425659
			vertex 3.370912551879883 4 0.4437890648841858
			vertex 3.370912551879883 6 0.4437890648841858
		endloop
	endfacet
	facet normal 0.9469302504581126 0 0.3214391089574139
		outer loop
			vertex 3.141190528869629 4 1.3011236190795898
			vertex 3.2841477394104004 6 0.8799847364425659
			vertex 3.141190528869629 6 1.3011236190795898
		endloop
	endfacet
	facet normal 0.9469302504581126 0 0.3214391089574139
		outer loop
			vertex 3.141190528869629 4 1.3011236190795898
			vertex 3.2841477394104004 4 0.8799847364425659
			vertex 3.2841477394104004 6 0.8799847364425659
		endloop
	endfacet
	facet normal 0.8968726854051812 0 0.44228880403430854
		outer loop
			vertex 2.944486379623413 4 1.7000000476837158
			vertex 3.141190528869629 6 1.3011236190795898
			vertex 2.944486379623413 6 1.7000000476837158
		endloop
	endfacet
	facet normal 0.8968726854051812 0 0.44228880403430854
		outer loop
			vertex 2.944486379623413 4 1.7000000476837158
			vertex 3.141190528869629 4 1.3011236190795898
			vertex 3.141190528869629 6 1.3011236190795898
		endloop
	endfacet
	facet normal 0.8314695490713746 0 0.555570327651725
		outer loop
			vertex 2.697401285171509 4 2.069788932800293
			vertex 2.944486379623413 6 1.7000000476837158
			vertex 2.697401285171509 6 2.069788932800293
		endloop
	endfacet
	facet normal 0.8314695490713746 0 0.555570327651725
		outer loop
			vertex 2.697401285171509 4 2.069788932800293
			vertex 2.944486379623413 4 1.7000000476837158
			vertex 2.944486379623413 6 1.7000000476837158
		endloop
	endfacet
	facet normal 0.7518399534080225 0 0.6593456486998476
		outer loop
			vertex 2.404163122177124 4 2.404163122177124
			vertex 2.697401285171509 6 2.069788932800293
			vertex 2.404163122177124 6 2.404163122177124
		endloop
	endfacet
	facet normal 0.7518399534080225 0 0.6593456486998476
		outer loop
			vertex 2.404163122177124 4 2.404163122177124
			vertex 2.697401285171509 4 2.069788932800293
			vertex 2.697401285171509 6 2.069788932800293
		endloop
	endfacet
	facet normal 0.6593456486998476 0 0.7518399534080225
		outer loop
			vertex 2.069788932800293 4 2.697401285171509
			vertex 2.404163122177124 6 2.404163122177124
			vertex 2.069788932800293 6 2.697401285171509
		endloop
	endfacet
	facet normal 0.6593456486998476 0 0.7518399534080225
		outer loop
			vertex 2.069788932800293 4 2.697401285171509
			vertex 2.404163122177124 4 2.404163122177124
			vertex 2.404163122177124 6 2.404163122177124
		endloop
	endfacet
	facet normal 0.555570327651725 0 0.8314695490713746
		outer loop
			vertex 1.7000000476837158 4 2.944486379623413
			vertex 2.069788932800293 6 2.697401285171509
			vertex 1.7000000476837158 6 2.944486379623413
		endloop
	endfacet
	facet normal 0.555570327651725 0 0.8314695490713746
		outer loop
			vertex 1.7000000476837158 4 2.944486379623413
			vertex 2.069788932800293 4 2.697401285171509
			vertex 2.069788932800293 6 2.697401285171509
		endloop
	endfacet
	facet normal 0.44228880403430854 0 0.8968726854051812
		outer loop
			vertex 1.3011236190795898 4 3.141190528869629
			vertex 1.7000000476837158 6 2.944486379623413
			vertex 1.3011236190795898 6 3.141190528869629
		endloop
	endfacet
	facet normal 0.44228880403430854 0 0.8968726854051812
		outer loop
			vertex 1.3011236190795898 4 3.141190528869629
			vertex 1.7000000476837158 4 2.944486379623413
			vertex 1.7000000476837158 6 2.944486379623413
		endloop
	endfacet
	facet normal 0.3214391089574139 0 0.9469302504581126
		outer loop
			vertex 0.8799847364425659 4 3.2841477394104004
			vertex 1.3011236190795898 6 3.141190528869629
			vertex 0.8799847364425659 6 3.2841477394104004
		endloop
	endfacet
	facet normal 0.19509053571055024 0 0.9807852378967429
		outer loop
			vertex 0.8799847364425659 4 3.2841477394104004
			vertex 0.8799847364425659 6 3.2841477394104004
			vertex 0.4437890648841858 6 3.370912551879883
		endloop
	endfacet
	facet normal 0.3214391089574139 0 0.9469302504581126
		outer loop
			vertex 0.8799847364425659 4 3.2841477394104004
			vertex 1.3011236190795898 4 3.141190528869629
			vertex 1.3011236190795898 6 3.141190528869629
		endloop
	endfacet
	facet normal 0.06540328912089045 0 0.9978589127587975
		outer loop
			vertex 0.4437890648841858 4 3.370912551879883
			vertex 0.4437890648841858 6 3.370912551879883
			vertex 4.657408542895402e-15 6 3.4000000953674316
		endloop
	endfacet
	facet normal 0.19509053571055024 0 0.9807852378967429
		outer loop
			vertex 0.4437890648841858 4 3.370912551879883
			vertex 0.8799847364425659 4 3.2841477394104004
			vertex 0.4437890648841858 6 3.370912551879883
		endloop
	endfacet
	facet normal 0.06540328912089022 -5.65575778457798e-17 0.9978589127587976
		outer loop
			vertex 2.922685278676832e-15 4 3.4000000953674316
			vertex 0.4437890648841858 4 3.370912551879883
			vertex 4.657408542895402e-15 6 3.4000000953674316
		endloop
	endfacet
	facet normal -0.06540328912088934 5.672830359721004e-17 0.9978589127587977
		outer loop
			vertex -0.4437890648841858 4 3.370912551879883
			vertex 2.922685278676832e-15 4 3.4000000953674316
			vertex 4.657408542895402e-15 6 3.4000000953674316
		endloop
	endfacet
	facet normal -0.0654032891208891 0 0.9978589127587976
		outer loop
			vertex -0.4437890648841858 4 3.370912551879883
			vertex 4.657408542895402e-15 6 3.4000000953674316
			vertex -0.4437890648841858 6 3.370912551879883
		endloop
	endfacet
	facet normal -0.19509053571055024 0 0.9807852378967429
		outer loop
			vertex -0.8799847364425659 4 3.2841477394104004
			vertex -0.4437890648841858 4 3.370912551879883
			vertex -0.4437890648841858 6 3.370912551879883
		endloop
	endfacet
	facet normal -0.19509053571055024 0 0.9807852378967429
		outer loop
			vertex -0.8799847364425659 4 3.2841477394104004
			vertex -0.4437890648841858 6 3.370912551879883
			vertex -0.8799847364425659 6 3.2841477394104004
		endloop
	endfacet
	facet normal -0.3214391089574139 0 0.9469302504581126
		outer loop
			vertex -1.3011236190795898 4 3.141190528869629
			vertex -0.8799847364425659 6 3.2841477394104004
			vertex -1.3011236190795898 6 3.141190528869629
		endloop
	endfacet
	facet normal -0.3214391089574139 0 0.9469302504581126
		outer loop
			vertex -1.3011236190795898 4 3.141190528869629
			vertex -0.8799847364425659 4 3.2841477394104004
			vertex -0.8799847364425659 6 3.2841477394104004
		endloop
	endfacet
	facet normal -0.44228880403430854 0 0.8968726854051812
		outer loop
			vertex -1.3011236190795898 4 3.141190528869629
			vertex -1.3011236190795898 6 3.141190528869629
			vertex -1.7000000476837158 6 2.944486379623413
		endloop
	endfacet
	facet normal -0.44228880403430854 0 0.8968726854051812
		outer loop
			vertex -1.7000000476837158 4 2.944486379623413
			vertex -1.3011236190795898 4 3.141190528869629
			vertex -1.7000000476837158 6 2.944486379623413
		endloop
	endfacet
	facet normal -0.555570327651725 0 0.8314695490713746
		outer loop
			vertex -2.069788932800293 4 2.697401285171509
			vertex -1.7000000476837158 6 2.944486379623413
			vertex -2.069788932800293 6 2.697401285171509
		endloop
	endfacet
	facet normal -0.6593456486998476 0 0.7518399534080225
		outer loop
			vertex -2.069788932800293 4 2.697401285171509
			vertex -2.069788932800293 6 2.697401285171509
			vertex -2.404163122177124 6 2.404163122177124
		endloop
	endfacet
	facet normal -0.555570327651725 0 0.8314695490713746
		outer loop
			vertex -2.069788932800293 4 2.697401285171509
			vertex -1.7000000476837158 4 2.944486379623413
			vertex -1.7000000476837158 6 2.944486379623413
		endloop
	endfacet
	facet normal -0.6593456486998476 0 0.7518399534080225
		outer loop
			vertex -2.404163122177124 4 2.404163122177124
			vertex -2.069788932800293 4 2.697401285171509
			vertex -2.404163122177124 6 2.404163122177124
		endloop
	endfacet
	facet normal -0.7518399534080225 0 0.6593456486998476
		outer loop
			vertex -2.697401285171509 4 2.069788932800293
			vertex -2.404163122177124 6 2.404163122177124
			vertex -2.697401285171509 6 2.069788932800293
		endloop
	endfacet
	facet normal -0.7518399534080225 0 0.6593456486998476
		outer loop
			vertex -2.697401285171509 4 2.069788932800293
			vertex -2.404163122177124 4 2.404163122177124
			vertex -2.404163122177124 6 2.404163122177124
		endloop
	endfacet
	facet normal -0.8314695490713746 0 0.555570327651725
		outer loop
			vertex -2.944486379623413 4 1.7000000476837158
			vertex -2.697401285171509 6 2.069788932800293
			vertex -2.944486379623413 6 1.7000000476837158
		endloop
	endfacet
	facet normal -0.8314695490713746 0 0.555570327651725
		outer loop
			vertex -2.944486379623413 4 1.7000000476837158
			vertex -2.697401285171509 4 2.069788932800293
			vertex -2.697401285171509 6 2.069788932800293
		endloop
	endfacet
	facet normal -0.8968726854051812 0 0.44228880403430854
		outer loop
			vertex -3.141190528869629 4 1.3011236190795898
			vertex -2.944486379623413 6 1.7000000476837158
			vertex -3.141190528869629 6 1.3011236190795898
		endloop
	endfacet
	facet normal -0.9469302504581126 0 0.3214391089574139
		outer loop
			vertex -3.141190528869629 4 1.3011236190795898
			vertex -3.141190528869629 6 1.3011236190795898
			vertex -3.2841477394104004 6 0.8799847364425659
		endloop
	endfacet
	facet normal -0.8968726854051812 0 0.44228880403430854
		outer loop
			vertex -3.141190528869629 4 1.3011236190795898
			vertex -2.944486379623413 4 1.7000000476837158
			vertex -2.944486379623413 6 1.7000000476837158
		endloop
	endfacet
	facet normal -0.9469302504581126 0 0.3214391089574139
		outer loop
			vertex -3.2841477394104004 4 0.8799847364425659
			vertex -3.141190528869629 4 1.3011236190795898
			vertex -3.2841477394104004 6 0.8799847364425659
		endloop
	endfacet
	facet normal -0.9807852378967429 0 0.19509053571055024
		outer loop
			vertex -3.370912551879883 4 0.4437890648841858
			vertex -3.2841477394104004 6 0.8799847364425659
			vertex -3.370912551879883 6 0.4437890648841858
		endloop
	endfacet
	facet normal -0.9807852378967429 0 0.19509053571055024
		outer loop
			vertex -3.370912551879883 4 0.4437890648841858
			vertex -3.2841477394104004 4 0.8799847364425659
			vertex -3.2841477394104004 6 0.8799847364425659
		endloop
	endfacet
	facet normal -0.9978589127587975 0 0.06540328912088984
		outer loop
			vertex -3.4000000953674316 4 4.1637990340917747e-16
			vertex -3.370912551879883 6 0.4437890648841858
			vertex -3.4000000953674316 6 4.1637990340917747e-16
		endloop
	endfacet
	facet normal -0.9978589127587975 0 0.06540328912088984
		outer loop
			vertex -3.4000000953674316 4 4.1637990340917747e-16
			vertex -3.370912551879883 4 0.4437890648841858
			vertex -3.370912551879883 6 0.4437890648841858
		endloop
	endfacet
	facet normal 0.9981755480174103 0 0.06037860001807608
		outer loop
			vertex 3.9708354473114014 2 0.4821467101573944
			vertex 4 4 0
			vertex 3.9708354473114014 4 0.4821467101573944
		endloop
	endfacet
	facet normal 0.9981755480174103 0 0.06037860001807608
		outer loop
			vertex 3.9708354473114014 2 0.4821467101573944
			vertex 4 2 0
			vertex 4 4 0
		endloop
	endfacet
	facet normal 0.9836199597162844 0 0.18025474986178666
		outer loop
			vertex 3.8837673664093018 2 0.9572626352310181
			vertex 3.9708354473114014 4 0.4821467101573944
			vertex 3.8837673664093018 4 0.9572626352310181
		endloop
	endfacet
	facet normal 0.9836199597162844 0 0.18025474986178666
		outer loop
			vertex 3.8837673664093018 2 0.9572626352310181
			vertex 3.9708354473114014 2 0.4821467101573944
			vertex 3.9708354473114014 4 0.4821467101573944
		endloop
	endfacet
	facet normal 0.954720757594079 0 0.2975034033737901
		outer loop
			vertex 3.740064859390259 2 1.418419599533081
			vertex 3.8837673664093018 4 0.9572626352310181
			vertex 3.740064859390259 4 1.418419599533081
		endloop
	endfacet
	facet normal 0.954720757594079 0 0.2975034033737901
		outer loop
			vertex 3.740064859390259 2 1.418419599533081
			vertex 3.8837673664093018 2 0.9572626352310181
			vertex 3.8837673664093018 4 0.9572626352310181
		endloop
	endfacet
	facet normal 0.9118999110691429 0 0.41041266085744627
		outer loop
			vertex 3.5418241024017334 2 1.8588926792144775
			vertex 3.740064859390259 4 1.418419599533081
			vertex 3.5418241024017334 4 1.8588926792144775
		endloop
	endfacet
	facet normal 0.9118999110691429 0 0.41041266085744627
		outer loop
			vertex 3.5418241024017334 2 1.8588926792144775
			vertex 3.740064859390259 2 1.418419599533081
			vertex 3.740064859390259 4 1.418419599533081
		endloop
	endfacet
	facet normal 0.8557812649691209 0 0.5173378263068066
		outer loop
			vertex 3.291935443878174 2 2.272258996963501
			vertex 3.5418241024017334 4 1.8588926792144775
			vertex 3.291935443878174 4 2.272258996963501
		endloop
	endfacet
	facet normal 0.8557812649691209 0 0.5173378263068066
		outer loop
			vertex 3.291935443878174 2 2.272258996963501
			vertex 3.5418241024017334 2 1.8588926792144775
			vertex 3.5418241024017334 4 1.8588926792144775
		endloop
	endfacet
	facet normal 0.7871835987402919 0 0.6167187218451239
		outer loop
			vertex 2.9940431118011475 2 2.6524906158447266
			vertex 3.291935443878174 4 2.272258996963501
			vertex 2.9940431118011475 4 2.6524906158447266
		endloop
	endfacet
	facet normal 0.7871835987402919 0 0.6167187218451239
		outer loop
			vertex 2.9940431118011475 2 2.6524906158447266
			vertex 3.291935443878174 2 2.272258996963501
			vertex 3.291935443878174 4 2.272258996963501
		endloop
	endfacet
	facet normal 0.7071067811865476 0 0.7071067811865476
		outer loop
			vertex 2.6524906158447266 2 2.9940431118011475
			vertex 2.9940431118011475 4 2.6524906158447266
			vertex 2.6524906158447266 4 2.9940431118011475
		endloop
	endfacet
	facet normal 0.6167187218451239 0 0.7871835987402919
		outer loop
			vertex 2.6524906158447266 2 2.9940431118011475
			vertex 2.6524906158447266 4 2.9940431118011475
			vertex 2.272258996963501 4 3.291935443878174
		endloop
	endfacet
	facet normal 0.7071067811865476 0 0.7071067811865476
		outer loop
			vertex 2.6524906158447266 2 2.9940431118011475
			vertex 2.9940431118011475 2 2.6524906158447266
			vertex 2.9940431118011475 4 2.6524906158447266
		endloop
	endfacet
	facet normal 0.6167187218451239 0 0.7871835987402919
		outer loop
			vertex 2.272258996963501 2 3.291935443878174
			vertex 2.6524906158447266 2 2.9940431118011475
			vertex 2.272258996963501 4 3.291935443878174
		endloop
	endfacet
	facet normal 0.5173378263068066 0 0.8557812649691209
		outer loop
			vertex 1.8588926792144775 2 3.5418241024017334
			vertex 2.272258996963501 4 3.291935443878174
			vertex 1.8588926792144775 4 3.5418241024017334
		endloop
	endfacet
	facet normal 0.5173378263068066 0 0.8557812649691209
		outer loop
			vertex 1.8588926792144775 2 3.5418241024017334
			vertex 2.272258996963501 2 3.291935443878174
			vertex 2.272258996963501 4 3.291935443878174
		endloop
	endfacet
	facet normal 0.41041266085744627 0 0.9118999110691429
		outer loop
			vertex 1.418419599533081 2 3.740064859390259
			vertex 1.8588926792144775 4 3.5418241024017334
			vertex 1.418419599533081 4 3.740064859390259
		endloop
	endfacet
	facet normal 0.41041266085744627 0 0.9118999110691429
		outer loop
			vertex 1.418419599533081 2 3.740064859390259
			vertex 1.8588926792144775 2 3.5418241024017334
			vertex 1.8588926792144775 4 3.5418241024017334
		endloop
	endfacet
	facet normal 0.2975034033737901 0 0.954720757594079
		outer loop
			vertex 0.9572626352310181 2 3.8837673664093018
			vertex 1.418419599533081 2 3.740064859390259
			vertex 1.418419599533081 4 3.740064859390259
		endloop
	endfacet
	facet normal 0.2975034033737901 0 0.954720757594079
		outer loop
			vertex 0.9572626352310181 2 3.8837673664093018
			vertex 1.418419599533081 4 3.740064859390259
			vertex 0.9572626352310181 4 3.8837673664093018
		endloop
	endfacet
	facet normal 0.18025474986178666 0 0.9836199597162844
		outer loop
			vertex 0.9572626352310181 2 3.8837673664093018
			vertex 0.9572626352310181 4 3.8837673664093018
			vertex 0.4821467101573944 4 3.9708354473114014
		endloop
	endfacet
	facet normal 0.18025474986178666 0 0.9836199597162844
		outer loop
			vertex 0.4821467101573944 2 3.9708354473114014
			vertex 0.9572626352310181 2 3.8837673664093018
			vertex 0.4821467101573944 4 3.9708354473114014
		endloop
	endfacet
	facet normal 0.060378600018076545 0 0.9981755480174102
		outer loop
			vertex 3.756009632954532e-15 2 4
			vertex 0.4821467101573944 2 3.9708354473114014
			vertex 0.4821467101573944 4 3.9708354473114014
		endloop
	endfacet
	facet normal 0.06037860001807676 -5.2074604134570096e-17 0.9981755480174102
		outer loop
			vertex 3.756009632954532e-15 2 4
			vertex 0.4821467101573944 4 3.9708354473114014
			vertex 5.490733108931339e-15 4 4
		endloop
	endfacet
	facet normal -0.06037860001807539 0 0.9981755480174103
		outer loop
			vertex -0.4821467101573944 2 3.9708354473114014
			vertex 5.490733108931339e-15 4 4
			vertex -0.4821467101573944 4 3.9708354473114014
		endloop
	endfacet
	facet normal -0.060378600018075594 5.23700874489847e-17 0.9981755480174102
		outer loop
			vertex -0.4821467101573944 2 3.9708354473114014
			vertex 3.756009632954532e-15 2 4
			vertex 5.490733108931339e-15 4 4
		endloop
	endfacet
	facet normal -0.18025474986178666 0 0.9836199597162844
		outer loop
			vertex -0.4821467101573944 2 3.9708354473114014
			vertex -0.4821467101573944 4 3.9708354473114014
			vertex -0.9572626352310181 4 3.8837673664093018
		endloop
	endfacet
	facet normal -0.18025474986178666 0 0.9836199597162844
		outer loop
			vertex -0.9572626352310181 2 3.8837673664093018
			vertex -0.4821467101573944 2 3.9708354473114014
			vertex -0.9572626352310181 4 3.8837673664093018
		endloop
	endfacet
	facet normal -0.2975034033737901 0 0.954720757594079
		outer loop
			vertex -1.418419599533081 2 3.740064859390259
			vertex -0.9572626352310181 4 3.8837673664093018
			vertex -1.418419599533081 4 3.740064859390259
		endloop
	endfacet
	facet normal -0.2975034033737901 0 0.954720757594079
		outer loop
			vertex -1.418419599533081 2 3.740064859390259
			vertex -0.9572626352310181 2 3.8837673664093018
			vertex -0.9572626352310181 4 3.8837673664093018
		endloop
	endfacet
	facet normal -0.41041266085744627 0 0.9118999110691429
		outer loop
			vertex -1.8588926792144775 2 3.5418241024017334
			vertex -1.418419599533081 4 3.740064859390259
			vertex -1.8588926792144775 4 3.5418241024017334
		endloop
	endfacet
	facet normal -0.41041266085744627 0 0.9118999110691429
		outer loop
			vertex -1.8588926792144775 2 3.5418241024017334
			vertex -1.418419599533081 2 3.740064859390259
			vertex -1.418419599533081 4 3.740064859390259
		endloop
	endfacet
	facet normal -0.5173378263068066 0 0.8557812649691209
		outer loop
			vertex -2.272258996963501 2 3.291935443878174
			vertex -1.8588926792144775 4 3.5418241024017334
			vertex -2.272258996963501 4 3.291935443878174
		endloop
	endfacet
	facet normal -0.6167187218451239 0 0.7871835987402919
		outer loop
			vertex -2.272258996963501 2 3.291935443878174
			vertex -2.272258996963501 4 3.291935443878174
			vertex -2.6524906158447266 4 2.9940431118011475
		endloop
	endfacet
	facet normal -0.5173378263068066 0 0.8557812649691209
		outer loop
			vertex -2.272258996963501 2 3.291935443878174
			vertex -1.8588926792144775 2 3.5418241024017334
			vertex -1.8588926792144775 4 3.5418241024017334
		endloop
	endfacet
	facet normal -0.7071067811865476 0 0.7071067811865476
		outer loop
			vertex -2.6524906158447266 2 2.9940431118011475
			vertex -2.6524906158447266 4 2.9940431118011475
			vertex -2.9940431118011475 4 2.6524906158447266
		endloop
	endfacet
	facet normal -0.6167187218451239 0 0.7871835987402919
		outer loop
			vertex -2.6524906158447266 2 2.9940431118011475
			vertex -2.272258996963501 2 3.291935443878174
			vertex -2.6524906158447266 4 2.9940431118011475
		endloop
	endfacet
	facet normal -0.7071067811865476 0 0.7071067811865476
		outer loop
			vertex -2.9940431118011475 2 2.6524906158447266
			vertex -2.6524906158447266 2 2.9940431118011475
			vertex -2.9940431118011475 4 2.6524906158447266
		endloop
	endfacet
	facet normal -0.7871835987402919 0 0.6167187218451239
		outer loop
			vertex -3.291935443878174 2 2.272258996963501
			vertex -2.9940431118011475 4 2.6524906158447266
			vertex -3.291935443878174 4 2.272258996963501
		endloop
	endfacet
	facet normal -0.7871835987402919 0 0.6167187218451239
		outer loop
			vertex -3.291935443878174 2 2.272258996963501
			vertex -2.9940431118011475 2 2.6524906158447266
			vertex -2.9940431118011475 4 2.6524906158447266
		endloop
	endfacet
	facet normal -0.8557812649691209 0 0.5173378263068066
		outer loop
			vertex -3.5418241024017334 2 1.8588926792144775
			vertex -3.291935443878174 4 2.272258996963501
			vertex -3.5418241024017334 4 1.8588926792144775
		endloop
	endfacet
	facet normal -0.8557812649691209 0 0.5173378263068066
		outer loop
			vertex -3.5418241024017334 2 1.8588926792144775
			vertex -3.291935443878174 2 2.272258996963501
			vertex -3.291935443878174 4 2.272258996963501
		endloop
	endfacet
	facet normal -0.9118999110691429 0 0.41041266085744627
		outer loop
			vertex -3.740064859390259 2 1.418419599533081
			vertex -3.5418241024017334 4 1.8588926792144775
			vertex -3.740064859390259 4 1.418419599533081
		endloop
	endfacet
	facet normal -0.9118999110691429 0 0.41041266085744627
		outer loop
			vertex -3.740064859390259 2 1.418419599533081
			vertex -3.5418241024017334 2 1.8588926792144775
			vertex -3.5418241024017334 4 1.8588926792144775
		endloop
	endfacet
	facet normal -0.954720757594079 0 0.2975034033737901
		outer loop
			vertex -3.8837673664093018 2 0.9572626352310181
			vertex -3.740064859390259 4 1.418419599533081
			vertex -3.8837673664093018 4 0.9572626352310181
		endloop
	endfacet
	facet normal -0.9836199597162844 0 0.18025474986178666
		outer loop
			vertex -3.8837673664093018 2 0.9572626352310181
			vertex -3.8837673664093018 4 0.9572626352310181
			vertex -3.9708354473114014 4 0.4821467101573944
		endloop
	endfacet
	facet normal -0.954720757594079 0 0.2975034033737901
		outer loop
			vertex -3.8837673664093018 2 0.9572626352310181
			vertex -3.740064859390259 2 1.418419599533081
			vertex -3.740064859390259 4 1.418419599533081
		endloop
	endfacet
	facet normal -0.9836199597162844 0 0.18025474986178666
		outer loop
			vertex -3.9708354473114014 2 0.4821467101573944
			vertex -3.8837673664093018 2 0.9572626352310181
			vertex -3.9708354473114014 4 0.4821467101573944
		endloop
	endfacet
	facet normal -0.9981755480174103 0 0.06037860001807614
		outer loop
			vertex -4 2 4.898587410340671e-16
			vertex -3.9708354473114014 4 0.4821467101573944
			vertex -4 4 4.898587410340671e-16
		endloop
	endfacet
	facet normal -0.9981755480174103 0 0.06037860001807614
		outer loop
			vertex -4 2 4.898587410340671e-16
			vertex -3.9708354473114014 2 0.4821467101573944
			vertex -3.9708354473114014 4 0.4821467101573944
		endloop
	endfacet
	facet normal 1 0 0
		outer loop
			vertex 4.25 2 4.25
			vertex 4.25 0.15000000596046448 -4.25
			vertex 4.25 2 -4.25
		endloop
	endfacet
	facet normal 1 0 0
		outer loop
			vertex 4.25 2 4.25
			vertex 4.25 0.15000000596046448 4.25
			vertex 4.25 0.15000000596046448 -4.25
		endloop
	endfacet
	facet normal 0 0 -1
		outer loop
			vertex 4.25 2 -4.25
			vertex -4.25 0.15000000596046448 -4.25
			vertex -4.25 2 -4.25
		endloop
	endfacet
	facet normal 0 0 -1
		outer loop
			vertex 4.25 2 -4.25
			vertex 4.25 0.15000000596046448 -4.25
			vertex -4.25 0.15000000596046448 -4.25
		endloop
	endfacet
	facet normal -1 0 0
		outer loop
			vertex -4.25 2 -4.25
			vertex -4.25 0.15000000596046448 4.25
			vertex -4.25 2 4.25
		endloop
	endfacet
	facet normal -1 0 0
		outer loop
			vertex -4.25 2 -4.25
			vertex -4.25 0.15000000596046448 -4.25
			vertex -4.25 0.15000000596046448 4.25
		endloop
	endfacet
	facet normal 0 0 1
		outer loop
			vertex 3 0.30000001192092896 4.25
			vertex 3 0.20000000298023224 4.25
			vertex 4.25 0.15000000596046448 4.25
		endloop
	endfacet
	facet normal 0 0 1
		outer loop
			vertex 4.25 2 4.25
			vertex 3 0.30000001192092896 4.25
			vertex 4.25 0.15000000596046448 4.25
		endloop
	endfacet
	facet normal 0 0 1
		outer loop
			vertex -3 0.30000001192092896 4.25
			vertex 3 0.30000001192092896 4.25
			vertex 4.25 2 4.25
		endloop
	endfacet
	facet normal 0 0 1
		outer loop
			vertex -4.25 0.15000000596046448 4.25
			vertex -3 0.20000000298023224 4.25
			vertex -3 0.30000001192092896 4.25
		endloop
	endfacet
	facet normal 0 0 1
		outer loop
			vertex -4.25 2 4.25
			vertex -4.25 0.15000000596046448 4.25
			vertex -3 0.30000001192092896 4.25
		endloop
	endfacet
	facet normal 0 0 1
		outer loop
			vertex -4.25 2 4.25
			vertex -3 0.30000001192092896 4.25
			vertex 4.25 2 4.25
		endloop
	endfacet
	facet normal 0 0 1
		outer loop
			vertex 4.25 0.15000000596046448 4.25
			vertex -3 0.20000000298023224 4.25
			vertex -4.25 0.15000000596046448 4.25
		endloop
	endfacet
	facet normal 0 0 1
		outer loop
			vertex 4.25 0.15000000596046448 4.25
			vertex 3 0.20000000298023224 4.25
			vertex -3 0.20000000298023224 4.25
		endloop
	endfacet
	facet normal 0 1 0
		outer loop
			vertex -6.239999771118164 -1.2000000476837158 12.15999984741211
			vertex -6.25 -1.2000000476837158 16.75
			vertex -6.239999771118164 -1.2000000476837158 16.739999771118164
		endloop
	endfacet
	facet normal 0 1 0
		outer loop
			vertex -6.25 -1.2000000476837158 12.149999618530273
			vertex -6.25 -1.2000000476837158 16.75
			vertex -6.239999771118164 -1.2000000476837158 12.15999984741211
		endloop
	endfacet
	facet normal 0 1 0
		outer loop
			vertex 6.239999771118164 -1.2000000476837158 16.739999771118164
			vertex -6.239999771118164 -1.2000000476837158 16.739999771118164
			vertex -6.25 -1.2000000476837158 16.75
		endloop
	endfacet
	facet normal 0 1 0
		outer loop
			vertex 6.25 -1.2000000476837158 16.75
			vertex 6.239999771118164 -1.2000000476837158 16.739999771118164
			vertex -6.25 -1.2000000476837158 16.75
		endloop
	endfacet
	facet normal 0 1 0
		outer loop
			vertex 3 -1.2000000476837158 11.75
			vertex -3 -1.2000000476837158 11.75
			vertex -3 -1.2000000476837158 12.149999618530273
		endloop
	endfacet
	facet normal 0 1 0
		outer loop
			vertex 3 -1.2000000476837158 11.75
			vertex -3 -1.2000000476837158 12.149999618530273
			vertex 3 -1.2000000476837158 12.149999618530273
		endloop
	endfacet
	facet normal 0 1 0
		outer loop
			vertex 6.239999771118164 -1.2000000476837158 12.15999984741211
			vertex 6.239999771118164 -1.2000000476837158 16.739999771118164
			vertex 6.25 -1.2000000476837158 16.75
		endloop
	endfacet
	facet normal 0 1 0
		outer loop
			vertex 6.25 -1.2000000476837158 12.149999618530273
			vertex 6.239999771118164 -1.2000000476837158 12.15999984741211
			vertex 6.25 -1.2000000476837158 16.75
		endloop
	endfacet
	facet normal 0 1 0
		outer loop
			vertex 3 -1.2000000476837158 12.149999618530273
			vertex 6.239999771118164 -1.2000000476837158 12.15999984741211
			vertex 6.25 -1.2000000476837158 12.149999618530273
		endloop
	endfacet
	facet normal 0 1 0
		outer loop
			vertex 3 -1.2000000476837158 12.149999618530273
			vertex -3 -1.2000000476837158 12.149999618530273
			vertex 6.239999771118164 -1.2000000476837158 12.15999984741211
		endloop
	endfacet
	facet normal 0 1 0
		outer loop
			vertex -3 -1.2000000476837158 12.149999618530273
			vertex -6.239999771118164 -1.2000000476837158 12.15999984741211
			vertex 6.239999771118164 -1.2000000476837158 12.15999984741211
		endloop
	endfacet
	facet normal 0 1 0
		outer loop
			vertex -6.25 -1.2000000476837158 12.149999618530273
			vertex -6.239999771118164 -1.2000000476837158 12.15999984741211
			vertex -3 -1.2000000476837158 12.149999618530273
		endloop
	endfacet
	facet normal 0 1 0
		outer loop
			vertex -2.6524906158447266 2 2.9940431118011475
			vertex -2.9940431118011475 2 2.6524906158447266
			vertex -4.25 2 4.25
		endloop
	endfacet
	facet normal 0 1 0
		outer loop
			vertex -3.291935443878174 2 2.272258996963501
			vertex -4.25 2 4.25
			vertex -2.9940431118011475 2 2.6524906158447266
		endloop
	endfacet
	facet normal 0 1 0
		outer loop
			vertex -2.272258996963501 2 3.291935443878174
			vertex -2.6524906158447266 2 2.9940431118011475
			vertex -4.25 2 4.25
		endloop
	endfacet
	facet normal 0 1 0
		outer loop
			vertex -3.5418241024017334 2 1.8588926792144775
			vertex -4.25 2 4.25
			vertex -3.291935443878174 2 2.272258996963501
		endloop
	endfacet
	facet normal 0 1 0
		outer loop
			vertex -1.8588926792144775 2 3.5418241024017334
			vertex -2.272258996963501 2 3.291935443878174
			vertex -4.25 2 4.25
		endloop
	endfacet
	facet normal 0 1 0
		outer loop
			vertex -3.740064859390259 2 1.418419599533081
			vertex -4.25 2 4.25
			vertex -3.5418241024017334 2 1.8588926792144775
		endloop
	endfacet
	facet normal 0 1 0
		outer loop
			vertex -1.418419599533081 2 3.740064859390259
			vertex -1.8588926792144775 2 3.5418241024017334
			vertex -4.25 2 4.25
		endloop
	endfacet
	facet normal 0 1 0
		outer loop
			vertex -3.8837673664093018 2 0.9572626352310181
			vertex -4.25 2 4.25
			vertex -3.740064859390259 2 1.418419599533081
		endloop
	endfacet
	facet normal 0 1 0
		outer loop
			vertex -0.9572626352310181 2 3.8837673664093018
			vertex -1.418419599533081 2 3.740064859390259
			vertex -4.25 2 4.25
		endloop
	endfacet
	facet normal 0 1 0
		outer loop
			vertex -3.9708354473114014 2 0.4821467101573944
			vertex -4.25 2 4.25
			vertex -3.8837673664093018 2 0.9572626352310181
		endloop
	endfacet
	facet normal 0 1 0
		outer loop
			vertex -0.4821467101573944 2 3.9708354473114014
			vertex -0.9572626352310181 2 3.8837673664093018
			vertex -4.25 2 4.25
		endloop
	endfacet
	facet normal 0 1 0
		outer loop
			vertex -4 2 4.898587410340671e-16
			vertex -4.25 2 4.25
			vertex -3.9708354473114014 2 0.4821467101573944
		endloop
	endfacet
	facet normal 0 1 0
		outer loop
			vertex -4.25 2 -4.25
			vertex -4 2 4.898587410340671e-16
			vertex -3.9708354473114014 2 -0.4821467101573944
		endloop
	endfacet
	facet normal 0 1 0
		outer loop
			vertex -4.25 2 -4.25
			vertex -3.9708354473114014 2 -0.4821467101573944
			vertex -3.8837673664093018 2 -0.9572626352310181
		endloop
	endfacet
	facet normal 0 1 0
		outer loop
			vertex -4.25 2 -4.25
			vertex -3.8837673664093018 2 -0.9572626352310181
			vertex -3.740064859390259 2 -1.418419599533081
		endloop
	endfacet
	facet normal 0 1 0
		outer loop
			vertex -4.25 2 -4.25
			vertex -3.740064859390259 2 -1.418419599533081
			vertex -3.5418241024017334 2 -1.8588926792144775
		endloop
	endfacet
	facet normal 0 1 0
		outer loop
			vertex -4.25 2 -4.25
			vertex -3.5418241024017334 2 -1.8588926792144775
			vertex -3.291935443878174 2 -2.272258996963501
		endloop
	endfacet
	facet normal 0 1 0
		outer loop
			vertex -4.25 2 -4.25
			vertex -3.291935443878174 2 -2.272258996963501
			vertex -2.9940431118011475 2 -2.6524906158447266
		endloop
	endfacet
	facet normal 0 1 0
		outer loop
			vertex 4.25 2 4.25
			vertex 2.6524906158447266 2 2.9940431118011475
			vertex 2.272258996963501 2 3.291935443878174
		endloop
	endfacet
	facet normal 0 1 0
		outer loop
			vertex 4.25 2 4.25
			vertex 2.272258996963501 2 3.291935443878174
			vertex 1.8588926792144775 2 3.5418241024017334
		endloop
	endfacet
	facet normal 0 1 0
		outer loop
			vertex 4.25 2 4.25
			vertex 1.8588926792144775 2 3.5418241024017334
			vertex 1.418419599533081 2 3.740064859390259
		endloop
	endfacet
	facet normal 0 1 0
		outer loop
			vertex 4.25 2 4.25
			vertex 1.418419599533081 2 3.740064859390259
			vertex 0.9572626352310181 2 3.8837673664093018
		endloop
	endfacet
	facet normal 0 1 0
		outer loop
			vertex 4.25 2 4.25
			vertex 0.9572626352310181 2 3.8837673664093018
			vertex 0.4821467101573944 2 3.9708354473114014
		endloop
	endfacet
	facet normal 0 1 0
		outer loop
			vertex -2.6524906158447266 2 -2.9940431118011475
			vertex -4.25 2 -4.25
			vertex -2.9940431118011475 2 -2.6524906158447266
		endloop
	endfacet
	facet normal 0 1 0
		outer loop
			vertex 2.9940431118011475 2 2.6524906158447266
			vertex 2.6524906158447266 2 2.9940431118011475
			vertex 4.25 2 4.25
		endloop
	endfacet
	facet normal 0 1 0
		outer loop
			vertex -2.272258996963501 2 -3.291935443878174
			vertex -4.25 2 -4.25
			vertex -2.6524906158447266 2 -2.9940431118011475
		endloop
	endfacet
	facet normal 0 1 0
		outer loop
			vertex 3.291935443878174 2 2.272258996963501
			vertex 2.9940431118011475 2 2.6524906158447266
			vertex 4.25 2 4.25
		endloop
	endfacet
	facet normal 0 1 0
		outer loop
			vertex -1.8588926792144775 2 -3.5418241024017334
			vertex -4.25 2 -4.25
			vertex -2.272258996963501 2 -3.291935443878174
		endloop
	endfacet
	facet normal 0 1 0
		outer loop
			vertex 3.5418241024017334 2 1.8588926792144775
			vertex 3.291935443878174 2 2.272258996963501
			vertex 4.25 2 4.25
		endloop
	endfacet
	facet normal 0 1 0
		outer loop
			vertex -1.418419599533081 2 -3.740064859390259
			vertex -4.25 2 -4.25
			vertex -1.8588926792144775 2 -3.5418241024017334
		endloop
	endfacet
	facet normal 0 1 0
		outer loop
			vertex 3.740064859390259 2 1.418419599533081
			vertex 3.5418241024017334 2 1.8588926792144775
			vertex 4.25 2 4.25
		endloop
	endfacet
	facet normal 0 1 0
		outer loop
			vertex 3.8837673664093018 2 0.9572626352310181
			vertex 3.740064859390259 2 1.418419599533081
			vertex 4.25 2 4.25
		endloop
	endfacet
	facet normal 0 1 0
		outer loop
			vertex -0.9572626352310181 2 -3.8837673664093018
			vertex -4.25 2 -4.25
			vertex -1.418419599533081 2 -3.740064859390259
		endloop
	endfacet
	facet normal 0 1 0
		outer loop
			vertex -0.4821467101573944 2 -3.9708354473114014
			vertex -4.25 2 -4.25
			vertex -0.9572626352310181 2 -3.8837673664093018
		endloop
	endfacet
	facet normal 0 1 0
		outer loop
			vertex 4.25 2 -4.25
			vertex 0.4821467101573944 2 -3.9708354473114014
			vertex 0.9572626352310181 2 -3.8837673664093018
		endloop
	endfacet
	facet normal 0 1 0
		outer loop
			vertex 4.25 2 -4.25
			vertex 0.9572626352310181 2 -3.8837673664093018
			vertex 1.418419599533081 2 -3.740064859390259
		endloop
	endfacet
	facet normal 0 1 0
		outer loop
			vertex 4.25 2 -4.25
			vertex 1.418419599533081 2 -3.740064859390259
			vertex 1.8588926792144775 2 -3.5418241024017334
		endloop
	endfacet
	facet normal 0 1 0
		outer loop
			vertex 4.25 2 -4.25
			vertex 1.8588926792144775 2 -3.5418241024017334
			vertex 2.272258996963501 2 -3.291935443878174
		endloop
	endfacet
	facet normal 0 1 0
		outer loop
			vertex 4.25 2 -4.25
			vertex 2.272258996963501 2 -3.291935443878174
			vertex 2.6524906158447266 2 -2.9940431118011475
		endloop
	endfacet
	facet normal 0 1 0
		outer loop
			vertex 4.25 2 -4.25
			vertex 2.6524906158447266 2 -2.9940431118011475
			vertex 2.9940431118011475 2 -2.6524906158447266
		endloop
	endfacet
	facet normal 0 1 0
		outer loop
			vertex 4.25 2 -4.25
			vertex 2.9940431118011475 2 -2.6524906158447266
			vertex 3.291935443878174 2 -2.272258996963501
		endloop
	endfacet
	facet normal 0 1 0
		outer loop
			vertex 4.25 2 -4.25
			vertex 3.291935443878174 2 -2.272258996963501
			vertex 3.5418241024017334 2 -1.8588926792144775
		endloop
	endfacet
	facet normal 0 1 0
		outer loop
			vertex 4.25 2 -4.25
			vertex 3.5418241024017334 2 -1.8588926792144775
			vertex 3.740064859390259 2 -1.418419599533081
		endloop
	endfacet
	facet normal 0 1 0
		outer loop
			vertex 4.25 2 -4.25
			vertex 3.740064859390259 2 -1.418419599533081
			vertex 3.8837673664093018 2 -0.9572626352310181
		endloop
	endfacet
	facet normal 0 1 0
		outer loop
			vertex 4.25 2 4.25
			vertex 3.756009632954532e-15 2 4
			vertex -4.25 2 4.25
		endloop
	endfacet
	facet normal 0 1 0
		outer loop
			vertex 3.756009632954532e-15 2 4
			vertex -0.4821467101573944 2 3.9708354473114014
			vertex -4.25 2 4.25
		endloop
	endfacet
	facet normal 0 1 0
		outer loop
			vertex 4.25 2 4.25
			vertex 0.4821467101573944 2 3.9708354473114014
			vertex 3.756009632954532e-15 2 4
		endloop
	endfacet
	facet normal 0 1 0
		outer loop
			vertex -4.25 2 4.25
			vertex -4 2 4.898587410340671e-16
			vertex -4.25 2 -4.25
		endloop
	endfacet
	facet normal 0 1 0
		outer loop
			vertex -4.25 2 -4.25
			vertex 4.552649202044885e-15 2 -4
			vertex 4.25 2 -4.25
		endloop
	endfacet
	facet normal 0 1 0
		outer loop
			vertex 4.552649202044885e-15 2 -4
			vertex 0.4821467101573944 2 -3.9708354473114014
			vertex 4.25 2 -4.25
		endloop
	endfacet
	facet normal 0 1 0
		outer loop
			vertex -4.25 2 -4.25
			vertex -0.4821467101573944 2 -3.9708354473114014
			vertex 4.552649202044885e-15 2 -4
		endloop
	endfacet
	facet normal 0 1 0
		outer loop
			vertex 4.25 2 -4.25
			vertex 4 2 0
			vertex 4.25 2 4.25
		endloop
	endfacet
	facet normal 0 1 0
		outer loop
			vertex 4 2 0
			vertex 3.9708354473114014 2 0.4821467101573944
			vertex 4.25 2 4.25
		endloop
	endfacet
	facet normal 0 1 0
		outer loop
			vertex 3.9708354473114014 2 0.4821467101573944
			vertex 3.8837673664093018 2 0.9572626352310181
			vertex 4.25 2 4.25
		endloop
	endfacet
	facet normal 0 1 0
		outer loop
			vertex 4.25 2 -4.25
			vertex 3.9708354473114014 2 -0.4821467101573944
			vertex 4 2 0
		endloop
	endfacet
	facet normal 0 1 0
		outer loop
			vertex 4.25 2 -4.25
			vertex 3.8837673664093018 2 -0.9572626352310181
			vertex 3.9708354473114014 2 -0.4821467101573944
		endloop
	endfacet
	facet normal -0.9981755480174104 0 -0.060378600018076024
		outer loop
			vertex -3.9708354473114014 2 -0.4821467101573944
			vertex -4 2 4.898587410340671e-16
			vertex -4 4 4.898587410340671e-16
		endloop
	endfacet
	facet normal -0.9981755480174104 0 -0.060378600018076024
		outer loop
			vertex -3.9708354473114014 2 -0.4821467101573944
			vertex -4 4 4.898587410340671e-16
			vertex -3.9708354473114014 4 -0.4821467101573944
		endloop
	endfacet
	facet normal -0.9836199597162844 0 -0.18025474986178666
		outer loop
			vertex -3.8837673664093018 2 -0.9572626352310181
			vertex -3.9708354473114014 4 -0.4821467101573944
			vertex -3.8837673664093018 4 -0.9572626352310181
		endloop
	endfacet
	facet normal -0.9836199597162844 0 -0.18025474986178666
		outer loop
			vertex -3.8837673664093018 2 -0.9572626352310181
			vertex -3.9708354473114014 2 -0.4821467101573944
			vertex -3.9708354473114014 4 -0.4821467101573944
		endloop
	endfacet
	facet normal -0.954720757594079 0 -0.2975034033737901
		outer loop
			vertex -3.740064859390259 2 -1.418419599533081
			vertex -3.8837673664093018 4 -0.9572626352310181
			vertex -3.740064859390259 4 -1.418419599533081
		endloop
	endfacet
	facet normal -0.9118999110691429 0 -0.41041266085744627
		outer loop
			vertex -3.740064859390259 2 -1.418419599533081
			vertex -3.740064859390259 4 -1.418419599533081
			vertex -3.5418241024017334 4 -1.8588926792144775
		endloop
	endfacet
	facet normal -0.954720757594079 0 -0.2975034033737901
		outer loop
			vertex -3.740064859390259 2 -1.418419599533081
			vertex -3.8837673664093018 2 -0.9572626352310181
			vertex -3.8837673664093018 4 -0.9572626352310181
		endloop
	endfacet
	facet normal -0.9118999110691429 0 -0.41041266085744627
		outer loop
			vertex -3.5418241024017334 2 -1.8588926792144775
			vertex -3.740064859390259 2 -1.418419599533081
			vertex -3.5418241024017334 4 -1.8588926792144775
		endloop
	endfacet
	facet normal -0.8557812649691209 0 -0.5173378263068066
		outer loop
			vertex -3.291935443878174 2 -2.272258996963501
			vertex -3.5418241024017334 4 -1.8588926792144775
			vertex -3.291935443878174 4 -2.272258996963501
		endloop
	endfacet
	facet normal -0.7871835987402919 0 -0.6167187218451239
		outer loop
			vertex -3.291935443878174 2 -2.272258996963501
			vertex -3.291935443878174 4 -2.272258996963501
			vertex -2.9940431118011475 4 -2.6524906158447266
		endloop
	endfacet
	facet normal -0.8557812649691209 0 -0.5173378263068066
		outer loop
			vertex -3.291935443878174 2 -2.272258996963501
			vertex -3.5418241024017334 2 -1.8588926792144775
			vertex -3.5418241024017334 4 -1.8588926792144775
		endloop
	endfacet
	facet normal -0.7071067811865476 0 -0.7071067811865476
		outer loop
			vertex -2.9940431118011475 2 -2.6524906158447266
			vertex -2.9940431118011475 4 -2.6524906158447266
			vertex -2.6524906158447266 4 -2.9940431118011475
		endloop
	endfacet
	facet normal -0.7871835987402919 0 -0.6167187218451239
		outer loop
			vertex -2.9940431118011475 2 -2.6524906158447266
			vertex -3.291935443878174 2 -2.272258996963501
			vertex -2.9940431118011475 4 -2.6524906158447266
		endloop
	endfacet
	facet normal -0.7071067811865476 0 -0.7071067811865476
		outer loop
			vertex -2.6524906158447266 2 -2.9940431118011475
			vertex -2.9940431118011475 2 -2.6524906158447266
			vertex -2.6524906158447266 4 -2.9940431118011475
		endloop
	endfacet
	facet normal -0.6167187218451239 0 -0.7871835987402919
		outer loop
			vertex -2.272258996963501 2 -3.291935443878174
			vertex -2.6524906158447266 4 -2.9940431118011475
			vertex -2.272258996963501 4 -3.291935443878174
		endloop
	endfacet
	facet normal -0.6167187218451239 0 -0.7871835987402919
		outer loop
			vertex -2.272258996963501 2 -3.291935443878174
			vertex -2.6524906158447266 2 -2.9940431118011475
			vertex -2.6524906158447266 4 -2.9940431118011475
		endloop
	endfacet
	facet normal -0.5173378263068066 0 -0.8557812649691209
		outer loop
			vertex -1.8588926792144775 2 -3.5418241024017334
			vertex -2.272258996963501 4 -3.291935443878174
			vertex -1.8588926792144775 4 -3.5418241024017334
		endloop
	endfacet
	facet normal -0.41041266085744627 0 -0.9118999110691429
		outer loop
			vertex -1.8588926792144775 2 -3.5418241024017334
			vertex -1.8588926792144775 4 -3.5418241024017334
			vertex -1.418419599533081 4 -3.740064859390259
		endloop
	endfacet
	facet normal -0.5173378263068066 0 -0.8557812649691209
		outer loop
			vertex -1.8588926792144775 2 -3.5418241024017334
			vertex -2.272258996963501 2 -3.291935443878174
			vertex -2.272258996963501 4 -3.291935443878174
		endloop
	endfacet
	facet normal -0.41041266085744627 0 -0.9118999110691429
		outer loop
			vertex -1.418419599533081 2 -3.740064859390259
			vertex -1.8588926792144775 2 -3.5418241024017334
			vertex -1.418419599533081 4 -3.740064859390259
		endloop
	endfacet
	facet normal -0.2975034033737901 0 -0.954720757594079
		outer loop
			vertex -0.9572626352310181 2 -3.8837673664093018
			vertex -1.418419599533081 2 -3.740064859390259
			vertex -1.418419599533081 4 -3.740064859390259
		endloop
	endfacet
	facet normal -0.2975034033737901 0 -0.954720757594079
		outer loop
			vertex -0.9572626352310181 2 -3.8837673664093018
			vertex -1.418419599533081 4 -3.740064859390259
			vertex -0.9572626352310181 4 -3.8837673664093018
		endloop
	endfacet
	facet normal -0.18025474986178666 0 -0.9836199597162844
		outer loop
			vertex -0.4821467101573944 2 -3.9708354473114014
			vertex -0.9572626352310181 2 -3.8837673664093018
			vertex -0.9572626352310181 4 -3.8837673664093018
		endloop
	endfacet
	facet normal -0.18025474986178666 0 -0.9836199597162844
		outer loop
			vertex -0.4821467101573944 2 -3.9708354473114014
			vertex -0.9572626352310181 4 -3.8837673664093018
			vertex -0.4821467101573944 4 -3.9708354473114014
		endloop
	endfacet
	facet normal -0.060378600018075504 0 -0.9981755480174103
		outer loop
			vertex 4.552649202044885e-15 2 -4
			vertex -0.4821467101573944 2 -3.9708354473114014
			vertex -0.4821467101573944 4 -3.9708354473114014
		endloop
	endfacet
	facet normal -0.0603786000180753 5.027892812992853e-17 -0.9981755480174104
		outer loop
			vertex 4.552649202044885e-15 2 -4
			vertex -0.4821467101573944 4 -3.9708354473114014
			vertex 6.287372678021692e-15 4 -4
		endloop
	endfacet
	facet normal 0.06037860001807665 -5.2370087448985614e-17 -0.9981755480174103
		outer loop
			vertex 0.4821467101573944 2 -3.9708354473114014
			vertex 4.552649202044885e-15 2 -4
			vertex 6.287372678021692e-15 4 -4
		endloop
	endfacet
	facet normal 0.060378600018076864 0 -0.9981755480174103
		outer loop
			vertex 0.4821467101573944 2 -3.9708354473114014
			vertex 6.287372678021692e-15 4 -4
			vertex 0.4821467101573944 4 -3.9708354473114014
		endloop
	endfacet
	facet normal 0.18025474986178666 0 -0.9836199597162844
		outer loop
			vertex 0.9572626352310181 2 -3.8837673664093018
			vertex 0.4821467101573944 2 -3.9708354473114014
			vertex 0.4821467101573944 4 -3.9708354473114014
		endloop
	endfacet
	facet normal 0.18025474986178666 0 -0.9836199597162844
		outer loop
			vertex 0.9572626352310181 2 -3.8837673664093018
			vertex 0.4821467101573944 4 -3.9708354473114014
			vertex 0.9572626352310181 4 -3.8837673664093018
		endloop
	endfacet
	facet normal 0.2975034033737901 0 -0.954720757594079
		outer loop
			vertex 1.418419599533081 2 -3.740064859390259
			vertex 0.9572626352310181 4 -3.8837673664093018
			vertex 1.418419599533081 4 -3.740064859390259
		endloop
	endfacet
	facet normal 0.2975034033737901 0 -0.954720757594079
		outer loop
			vertex 1.418419599533081 2 -3.740064859390259
			vertex 0.9572626352310181 2 -3.8837673664093018
			vertex 0.9572626352310181 4 -3.8837673664093018
		endloop
	endfacet
	facet normal 0.41041266085744627 0 -0.9118999110691429
		outer loop
			vertex 1.8588926792144775 2 -3.5418241024017334
			vertex 1.418419599533081 4 -3.740064859390259
			vertex 1.8588926792144775 4 -3.5418241024017334
		endloop
	endfacet
	facet normal 0.41041266085744627 0 -0.9118999110691429
		outer loop
			vertex 1.8588926792144775 2 -3.5418241024017334
			vertex 1.418419599533081 2 -3.740064859390259
			vertex 1.418419599533081 4 -3.740064859390259
		endloop
	endfacet
	facet normal 0.5173378263068066 0 -0.8557812649691209
		outer loop
			vertex 2.272258996963501 2 -3.291935443878174
			vertex 1.8588926792144775 4 -3.5418241024017334
			vertex 2.272258996963501 4 -3.291935443878174
		endloop
	endfacet
	facet normal 0.5173378263068066 0 -0.8557812649691209
		outer loop
			vertex 2.272258996963501 2 -3.291935443878174
			vertex 1.8588926792144775 2 -3.5418241024017334
			vertex 1.8588926792144775 4 -3.5418241024017334
		endloop
	endfacet
	facet normal 0.6167187218451239 0 -0.7871835987402919
		outer loop
			vertex 2.6524906158447266 2 -2.9940431118011475
			vertex 2.272258996963501 4 -3.291935443878174
			vertex 2.6524906158447266 4 -2.9940431118011475
		endloop
	endfacet
	facet normal 0.6167187218451239 0 -0.7871835987402919
		outer loop
			vertex 2.6524906158447266 2 -2.9940431118011475
			vertex 2.272258996963501 2 -3.291935443878174
			vertex 2.272258996963501 4 -3.291935443878174
		endloop
	endfacet
	facet normal 0.7071067811865476 0 -0.7071067811865476
		outer loop
			vertex 2.9940431118011475 2 -2.6524906158447266
			vertex 2.6524906158447266 4 -2.9940431118011475
			vertex 2.9940431118011475 4 -2.6524906158447266
		endloop
	endfacet
	facet normal 0.7071067811865476 0 -0.7071067811865476
		outer loop
			vertex 2.9940431118011475 2 -2.6524906158447266
			vertex 2.6524906158447266 2 -2.9940431118011475
			vertex 2.6524906158447266 4 -2.9940431118011475
		endloop
	endfacet
	facet normal 0.7871835987402919 0 -0.6167187218451239
		outer loop
			vertex 3.291935443878174 2 -2.272258996963501
			vertex 2.9940431118011475 4 -2.6524906158447266
			vertex 3.291935443878174 4 -2.272258996963501
		endloop
	endfacet
	facet normal 0.8557812649691209 0 -0.5173378263068066
		outer loop
			vertex 3.291935443878174 2 -2.272258996963501
			vertex 3.291935443878174 4 -2.272258996963501
			vertex 3.5418241024017334 4 -1.8588926792144775
		endloop
	endfacet
	facet normal 0.7871835987402919 0 -0.6167187218451239
		outer loop
			vertex 3.291935443878174 2 -2.272258996963501
			vertex 2.9940431118011475 2 -2.6524906158447266
			vertex 2.9940431118011475 4 -2.6524906158447266
		endloop
	endfacet
	facet normal 0.8557812649691209 0 -0.5173378263068066
		outer loop
			vertex 3.5418241024017334 2 -1.8588926792144775
			vertex 3.291935443878174 2 -2.272258996963501
			vertex 3.5418241024017334 4 -1.8588926792144775
		endloop
	endfacet
	facet normal 0.9118999110691429 0 -0.41041266085744627
		outer loop
			vertex 3.5418241024017334 2 -1.8588926792144775
			vertex 3.5418241024017334 4 -1.8588926792144775
			vertex 3.740064859390259 4 -1.418419599533081
		endloop
	endfacet
	facet normal 0.9118999110691429 0 -0.41041266085744627
		outer loop
			vertex 3.740064859390259 2 -1.418419599533081
			vertex 3.5418241024017334 2 -1.8588926792144775
			vertex 3.740064859390259 4 -1.418419599533081
		endloop
	endfacet
	facet normal 0.954720757594079 0 -0.2975034033737901
		outer loop
			vertex 3.8837673664093018 2 -0.9572626352310181
			vertex 3.740064859390259 4 -1.418419599533081
			vertex 3.8837673664093018 4 -0.9572626352310181
		endloop
	endfacet
	facet normal 0.954720757594079 0 -0.2975034033737901
		outer loop
			vertex 3.8837673664093018 2 -0.9572626352310181
			vertex 3.740064859390259 2 -1.418419599533081
			vertex 3.740064859390259 4 -1.418419599533081
		endloop
	endfacet
	facet normal 0.9836199597162844 0 -0.18025474986178666
		outer loop
			vertex 3.9708354473114014 2 -0.4821467101573944
			vertex 3.8837673664093018 4 -0.9572626352310181
			vertex 3.9708354473114014 4 -0.4821467101573944
		endloop
	endfacet
	facet normal 0.9981755480174103 0 -0.06037860001807608
		outer loop
			vertex 3.9708354473114014 2 -0.4821467101573944
			vertex 3.9708354473114014 4 -0.4821467101573944
			vertex 4 4 0
		endloop
	endfacet
	facet normal 0.9836199597162844 0 -0.18025474986178666
		outer loop
			vertex 3.9708354473114014 2 -0.4821467101573944
			vertex 3.8837673664093018 2 -0.9572626352310181
			vertex 3.8837673664093018 4 -0.9572626352310181
		endloop
	endfacet
	facet normal 0.9981755480174103 0 -0.06037860001807608
		outer loop
			vertex 4 2 0
			vertex 3.9708354473114014 2 -0.4821467101573944
			vertex 4 4 0
		endloop
	endfacet
	facet normal 0 1 0
		outer loop
			vertex -2.404163122177124 4 -2.404163122177124
			vertex -2.6524906158447266 4 -2.9940431118011475
			vertex -2.9940431118011475 4 -2.6524906158447266
		endloop
	endfacet
	facet normal 0 1 0
		outer loop
			vertex -2.069788932800293 4 -2.697401285171509
			vertex -2.272258996963501 4 -3.291935443878174
			vertex -2.6524906158447266 4 -2.9940431118011475
		endloop
	endfacet
	facet normal 0 1 0
		outer loop
			vertex -2.069788932800293 4 -2.697401285171509
			vertex -2.6524906158447266 4 -2.9940431118011475
			vertex -2.404163122177124 4 -2.404163122177124
		endloop
	endfacet
	facet normal 0 1 0
		outer loop
			vertex -2.697401285171509 4 -2.069788932800293
			vertex -2.9940431118011475 4 -2.6524906158447266
			vertex -3.291935443878174 4 -2.272258996963501
		endloop
	endfacet
	facet normal 0 1 0
		outer loop
			vertex -2.697401285171509 4 -2.069788932800293
			vertex -2.404163122177124 4 -2.404163122177124
			vertex -2.9940431118011475 4 -2.6524906158447266
		endloop
	endfacet
	facet normal 0 1 0
		outer loop
			vertex -1.7000000476837158 4 -2.944486379623413
			vertex -1.8588926792144775 4 -3.5418241024017334
			vertex -2.272258996963501 4 -3.291935443878174
		endloop
	endfacet
	facet normal 0 1 0
		outer loop
			vertex -1.7000000476837158 4 -2.944486379623413
			vertex -2.272258996963501 4 -3.291935443878174
			vertex -2.069788932800293 4 -2.697401285171509
		endloop
	endfacet
	facet normal 0 1 0
		outer loop
			vertex -2.944486379623413 4 -1.7000000476837158
			vertex -3.291935443878174 4 -2.272258996963501
			vertex -3.5418241024017334 4 -1.8588926792144775
		endloop
	endfacet
	facet normal 0 1 0
		outer loop
			vertex -2.944486379623413 4 -1.7000000476837158
			vertex -2.697401285171509 4 -2.069788932800293
			vertex -3.291935443878174 4 -2.272258996963501
		endloop
	endfacet
	facet normal 0 1 0
		outer loop
			vertex -1.3011236190795898 4 -3.141190528869629
			vertex -1.418419599533081 4 -3.740064859390259
			vertex -1.8588926792144775 4 -3.5418241024017334
		endloop
	endfacet
	facet normal 0 1 0
		outer loop
			vertex -1.3011236190795898 4 -3.141190528869629
			vertex -1.8588926792144775 4 -3.5418241024017334
			vertex -1.7000000476837158 4 -2.944486379623413
		endloop
	endfacet
	facet normal 0 1 0
		outer loop
			vertex -3.141190528869629 4 -1.3011236190795898
			vertex -3.5418241024017334 4 -1.8588926792144775
			vertex -3.740064859390259 4 -1.418419599533081
		endloop
	endfacet
	facet normal 0 1 0
		outer loop
			vertex -3.141190528869629 4 -1.3011236190795898
			vertex -2.944486379623413 4 -1.7000000476837158
			vertex -3.5418241024017334 4 -1.8588926792144775
		endloop
	endfacet
	facet normal 0 1 0
		outer loop
			vertex -0.8799847364425659 4 -3.2841477394104004
			vertex -0.9572626352310181 4 -3.8837673664093018
			vertex -1.418419599533081 4 -3.740064859390259
		endloop
	endfacet
	facet normal 0 1 0
		outer loop
			vertex -0.8799847364425659 4 -3.2841477394104004
			vertex -1.418419599533081 4 -3.740064859390259
			vertex -1.3011236190795898 4 -3.141190528869629
		endloop
	endfacet
	facet normal 0 1 0
		outer loop
			vertex -3.2841477394104004 4 -0.8799847364425659
			vertex -3.740064859390259 4 -1.418419599533081
			vertex -3.8837673664093018 4 -0.9572626352310181
		endloop
	endfacet
	facet normal 0 1 0
		outer loop
			vertex -3.2841477394104004 4 -0.8799847364425659
			vertex -3.141190528869629 4 -1.3011236190795898
			vertex -3.740064859390259 4 -1.418419599533081
		endloop
	endfacet
	facet normal 0 1 0
		outer loop
			vertex -0.4437890648841858 4 -3.370912551879883
			vertex -0.4821467101573944 4 -3.9708354473114014
			vertex -0.9572626352310181 4 -3.8837673664093018
		endloop
	endfacet
	facet normal 0 1 0
		outer loop
			vertex -0.4437890648841858 4 -3.370912551879883
			vertex -0.9572626352310181 4 -3.8837673664093018
			vertex -0.8799847364425659 4 -3.2841477394104004
		endloop
	endfacet
	facet normal 0 1 0
		outer loop
			vertex -3.370912551879883 4 -0.4437890648841858
			vertex -3.8837673664093018 4 -0.9572626352310181
			vertex -3.9708354473114014 4 -0.4821467101573944
		endloop
	endfacet
	facet normal 0 1 0
		outer loop
			vertex -3.370912551879883 4 -0.4437890648841858
			vertex -3.2841477394104004 4 -0.8799847364425659
			vertex -3.8837673664093018 4 -0.9572626352310181
		endloop
	endfacet
	facet normal 0 1 0
		outer loop
			vertex -3.1947361677089154e-15 4 -3.4000000953674316
			vertex 6.287372678021692e-15 4 -4
			vertex -0.4821467101573944 4 -3.9708354473114014
		endloop
	endfacet
	facet normal 0 1 0
		outer loop
			vertex -3.1947361677089154e-15 4 -3.4000000953674316
			vertex 0.4821467101573944 4 -3.9708354473114014
			vertex 6.287372678021692e-15 4 -4
		endloop
	endfacet
	facet normal 0 1 0
		outer loop
			vertex -3.1947361677089154e-15 4 -3.4000000953674316
			vertex -0.4821467101573944 4 -3.9708354473114014
			vertex -0.4437890648841858 4 -3.370912551879883
		endloop
	endfacet
	facet normal 0 1 0
		outer loop
			vertex -3.4000000953674316 4 4.1637990340917747e-16
			vertex -3.9708354473114014 4 -0.4821467101573944
			vertex -4 4 4.898587410340671e-16
		endloop
	endfacet
	facet normal 0 1 0
		outer loop
			vertex -3.4000000953674316 4 4.1637990340917747e-16
			vertex -3.370912551879883 4 -0.4437890648841858
			vertex -3.9708354473114014 4 -0.4821467101573944
		endloop
	endfacet
	facet normal 0 1 0
		outer loop
			vertex -3.4000000953674316 4 4.1637990340917747e-16
			vertex -4 4 4.898587410340671e-16
			vertex -3.9708354473114014 4 0.4821467101573944
		endloop
	endfacet
	facet normal 0 1 0
		outer loop
			vertex 0.4437890648841858 4 -3.370912551879883
			vertex 0.4821467101573944 4 -3.9708354473114014
			vertex -3.1947361677089154e-15 4 -3.4000000953674316
		endloop
	endfacet
	facet normal 0 1 0
		outer loop
			vertex -3.370912551879883 4 0.4437890648841858
			vertex -3.4000000953674316 4 4.1637990340917747e-16
			vertex -3.9708354473114014 4 0.4821467101573944
		endloop
	endfacet
	facet normal 0 1 0
		outer loop
			vertex 0.9572626352310181 4 -3.8837673664093018
			vertex 0.4821467101573944 4 -3.9708354473114014
			vertex 0.4437890648841858 4 -3.370912551879883
		endloop
	endfacet
	facet normal 0 1 0
		outer loop
			vertex -3.8837673664093018 4 0.9572626352310181
			vertex -3.370912551879883 4 0.4437890648841858
			vertex -3.9708354473114014 4 0.4821467101573944
		endloop
	endfacet
	facet normal 0 1 0
		outer loop
			vertex 0.8799847364425659 4 -3.2841477394104004
			vertex 0.9572626352310181 4 -3.8837673664093018
			vertex 0.4437890648841858 4 -3.370912551879883
		endloop
	endfacet
	facet normal 0 1 0
		outer loop
			vertex -3.2841477394104004 4 0.8799847364425659
			vertex -3.370912551879883 4 0.4437890648841858
			vertex -3.8837673664093018 4 0.9572626352310181
		endloop
	endfacet
	facet normal 0 1 0
		outer loop
			vertex -3.740064859390259 4 1.418419599533081
			vertex -3.2841477394104004 4 0.8799847364425659
			vertex -3.8837673664093018 4 0.9572626352310181
		endloop
	endfacet
	facet normal 0 1 0
		outer loop
			vertex 1.418419599533081 4 -3.740064859390259
			vertex 0.9572626352310181 4 -3.8837673664093018
			vertex 0.8799847364425659 4 -3.2841477394104004
		endloop
	endfacet
	facet normal 0 1 0
		outer loop
			vertex 1.3011236190795898 4 -3.141190528869629
			vertex 1.418419599533081 4 -3.740064859390259
			vertex 0.8799847364425659 4 -3.2841477394104004
		endloop
	endfacet
	facet normal 0 1 0
		outer loop
			vertex -3.141190528869629 4 1.3011236190795898
			vertex -3.2841477394104004 4 0.8799847364425659
			vertex -3.740064859390259 4 1.418419599533081
		endloop
	endfacet
	facet normal 0 1 0
		outer loop
			vertex -3.5418241024017334 4 1.8588926792144775
			vertex -3.141190528869629 4 1.3011236190795898
			vertex -3.740064859390259 4 1.418419599533081
		endloop
	endfacet
	facet normal 0 1 0
		outer loop
			vertex 1.8588926792144775 4 -3.5418241024017334
			vertex 1.418419599533081 4 -3.740064859390259
			vertex 1.3011236190795898 4 -3.141190528869629
		endloop
	endfacet
	facet normal 0 1 0
		outer loop
			vertex 1.7000000476837158 4 -2.944486379623413
			vertex 1.8588926792144775 4 -3.5418241024017334
			vertex 1.3011236190795898 4 -3.141190528869629
		endloop
	endfacet
	facet normal 0 1 0
		outer loop
			vertex -2.944486379623413 4 1.7000000476837158
			vertex -3.141190528869629 4 1.3011236190795898
			vertex -3.5418241024017334 4 1.8588926792144775
		endloop
	endfacet
	facet normal 0 1 0
		outer loop
			vertex -3.291935443878174 4 2.272258996963501
			vertex -2.944486379623413 4 1.7000000476837158
			vertex -3.5418241024017334 4 1.8588926792144775
		endloop
	endfacet
	facet normal 0 1 0
		outer loop
			vertex 2.272258996963501 4 -3.291935443878174
			vertex 1.8588926792144775 4 -3.5418241024017334
			vertex 1.7000000476837158 4 -2.944486379623413
		endloop
	endfacet
	facet normal 0 1 0
		outer loop
			vertex 2.069788932800293 4 -2.697401285171509
			vertex 2.272258996963501 4 -3.291935443878174
			vertex 1.7000000476837158 4 -2.944486379623413
		endloop
	endfacet
	facet normal 0 1 0
		outer loop
			vertex -2.697401285171509 4 2.069788932800293
			vertex -2.944486379623413 4 1.7000000476837158
			vertex -3.291935443878174 4 2.272258996963501
		endloop
	endfacet
	facet normal 0 1 0
		outer loop
			vertex -2.9940431118011475 4 2.6524906158447266
			vertex -2.697401285171509 4 2.069788932800293
			vertex -3.291935443878174 4 2.272258996963501
		endloop
	endfacet
	facet normal 0 1 0
		outer loop
			vertex 2.6524906158447266 4 -2.9940431118011475
			vertex 2.272258996963501 4 -3.291935443878174
			vertex 2.069788932800293 4 -2.697401285171509
		endloop
	endfacet
	facet normal 0 1 0
		outer loop
			vertex 2.404163122177124 4 -2.404163122177124
			vertex 2.6524906158447266 4 -2.9940431118011475
			vertex 2.069788932800293 4 -2.697401285171509
		endloop
	endfacet
	facet normal 0 1 0
		outer loop
			vertex -2.404163122177124 4 2.404163122177124
			vertex -2.697401285171509 4 2.069788932800293
			vertex -2.9940431118011475 4 2.6524906158447266
		endloop
	endfacet
	facet normal 0 1 0
		outer loop
			vertex -2.6524906158447266 4 2.9940431118011475
			vertex -2.404163122177124 4 2.404163122177124
			vertex -2.9940431118011475 4 2.6524906158447266
		endloop
	endfacet
	facet normal 0 1 0
		outer loop
			vertex 2.9940431118011475 4 -2.6524906158447266
			vertex 2.6524906158447266 4 -2.9940431118011475
			vertex 2.404163122177124 4 -2.404163122177124
		endloop
	endfacet
	facet normal 0 1 0
		outer loop
			vertex 2.697401285171509 4 -2.069788932800293
			vertex 2.9940431118011475 4 -2.6524906158447266
			vertex 2.404163122177124 4 -2.404163122177124
		endloop
	endfacet
	facet normal 0 1 0
		outer loop
			vertex -2.069788932800293 4 2.697401285171509
			vertex -2.404163122177124 4 2.404163122177124
			vertex -2.6524906158447266 4 2.9940431118011475
		endloop
	endfacet
	facet normal 0 1 0
		outer loop
			vertex -2.272258996963501 4 3.291935443878174
			vertex -2.069788932800293 4 2.697401285171509
			vertex -2.6524906158447266 4 2.9940431118011475
		endloop
	endfacet
	facet normal 0 1 0
		outer loop
			vertex 3.291935443878174 4 -2.272258996963501
			vertex 2.9940431118011475 4 -2.6524906158447266
			vertex 2.697401285171509 4 -2.069788932800293
		endloop
	endfacet
	facet normal 0 1 0
		outer loop
			vertex 2.944486379623413 4 -1.7000000476837158
			vertex 3.291935443878174 4 -2.272258996963501
			vertex 2.697401285171509 4 -2.069788932800293
		endloop
	endfacet
	facet normal 0 1 0
		outer loop
			vertex -1.7000000476837158 4 2.944486379623413
			vertex -2.069788932800293 4 2.697401285171509
			vertex -2.272258996963501 4 3.291935443878174
		endloop
	endfacet
	facet normal 0 1 0
		outer loop
			vertex -1.8588926792144775 4 3.5418241024017334
			vertex -1.7000000476837158 4 2.944486379623413
			vertex -2.272258996963501 4 3.291935443878174
		endloop
	endfacet
	facet normal 0 1 0
		outer loop
			vertex 3.5418241024017334 4 -1.8588926792144775
			vertex 3.291935443878174 4 -2.272258996963501
			vertex 2.944486379623413 4 -1.7000000476837158
		endloop
	endfacet
	facet normal 0 1 0
		outer loop
			vertex 3.141190528869629 4 -1.3011236190795898
			vertex 3.5418241024017334 4 -1.8588926792144775
			vertex 2.944486379623413 4 -1.7000000476837158
		endloop
	endfacet
	facet normal 0 1 0
		outer loop
			vertex -1.3011236190795898 4 3.141190528869629
			vertex -1.7000000476837158 4 2.944486379623413
			vertex -1.8588926792144775 4 3.5418241024017334
		endloop
	endfacet
	facet normal 0 1 0
		outer loop
			vertex -1.418419599533081 4 3.740064859390259
			vertex -1.3011236190795898 4 3.141190528869629
			vertex -1.8588926792144775 4 3.5418241024017334
		endloop
	endfacet
	facet normal 0 1 0
		outer loop
			vertex 3.740064859390259 4 -1.418419599533081
			vertex 3.5418241024017334 4 -1.8588926792144775
			vertex 3.141190528869629 4 -1.3011236190795898
		endloop
	endfacet
	facet normal 0 1 0
		outer loop
			vertex 3.2841477394104004 4 -0.8799847364425659
			vertex 3.740064859390259 4 -1.418419599533081
			vertex 3.141190528869629 4 -1.3011236190795898
		endloop
	endfacet
	facet normal 0 1 0
		outer loop
			vertex -0.8799847364425659 4 3.2841477394104004
			vertex -1.3011236190795898 4 3.141190528869629
			vertex -1.418419599533081 4 3.740064859390259
		endloop
	endfacet
	facet normal 0 1 0
		outer loop
			vertex -0.9572626352310181 4 3.8837673664093018
			vertex -0.8799847364425659 4 3.2841477394104004
			vertex -1.418419599533081 4 3.740064859390259
		endloop
	endfacet
	facet normal 0 1 0
		outer loop
			vertex 3.8837673664093018 4 -0.9572626352310181
			vertex 3.740064859390259 4 -1.418419599533081
			vertex 3.2841477394104004 4 -0.8799847364425659
		endloop
	endfacet
	facet normal 0 1 0
		outer loop
			vertex 3.370912551879883 4 -0.4437890648841858
			vertex 3.8837673664093018 4 -0.9572626352310181
			vertex 3.2841477394104004 4 -0.8799847364425659
		endloop
	endfacet
	facet normal 0 1 0
		outer loop
			vertex -0.4437890648841858 4 3.370912551879883
			vertex -0.8799847364425659 4 3.2841477394104004
			vertex -0.9572626352310181 4 3.8837673664093018
		endloop
	endfacet
	facet normal 0 1 0
		outer loop
			vertex -0.4821467101573944 4 3.9708354473114014
			vertex -0.4437890648841858 4 3.370912551879883
			vertex -0.9572626352310181 4 3.8837673664093018
		endloop
	endfacet
	facet normal 0 1 0
		outer loop
			vertex -0.4821467101573944 4 3.9708354473114014
			vertex 2.922685278676832e-15 4 3.4000000953674316
			vertex -0.4437890648841858 4 3.370912551879883
		endloop
	endfacet
	facet normal 0 1 0
		outer loop
			vertex 3.9708354473114014 4 -0.4821467101573944
			vertex 3.8837673664093018 4 -0.9572626352310181
			vertex 3.370912551879883 4 -0.4437890648841858
		endloop
	endfacet
	facet normal 0 1 0
		outer loop
			vertex 3.9708354473114014 4 -0.4821467101573944
			vertex 3.370912551879883 4 -0.4437890648841858
			vertex 3.4000000953674316 4 0
		endloop
	endfacet
	facet normal 0 1 0
		outer loop
			vertex 4 4 0
			vertex 3.9708354473114014 4 -0.4821467101573944
			vertex 3.4000000953674316 4 0
		endloop
	endfacet
	facet normal 0 1 0
		outer loop
			vertex 5.490733108931339e-15 4 4
			vertex 2.922685278676832e-15 4 3.4000000953674316
			vertex -0.4821467101573944 4 3.9708354473114014
		endloop
	endfacet
	facet normal 0 1 0
		outer loop
			vertex 3.9708354473114014 4 0.4821467101573944
			vertex 4 4 0
			vertex 3.4000000953674316 4 0
		endloop
	endfacet
	facet normal 0 1 0
		outer loop
			vertex 3.9708354473114014 4 0.4821467101573944
			vertex 3.4000000953674316 4 0
			vertex 3.370912551879883 4 0.4437890648841858
		endloop
	endfacet
	facet normal 0 1 0
		outer loop
			vertex 0.4821467101573944 4 3.9708354473114014
			vertex 2.922685278676832e-15 4 3.4000000953674316
			vertex 5.490733108931339e-15 4 4
		endloop
	endfacet
	facet normal 0 1 0
		outer loop
			vertex 0.4821467101573944 4 3.9708354473114014
			vertex 0.4437890648841858 4 3.370912551879883
			vertex 2.922685278676832e-15 4 3.4000000953674316
		endloop
	endfacet
	facet normal 0 1 0
		outer loop
			vertex 3.8837673664093018 4 0.9572626352310181
			vertex 3.9708354473114014 4 0.4821467101573944
			vertex 3.370912551879883 4 0.4437890648841858
		endloop
	endfacet
	facet normal 0 1 0
		outer loop
			vertex 3.8837673664093018 4 0.9572626352310181
			vertex 3.370912551879883 4 0.4437890648841858
			vertex 3.2841477394104004 4 0.8799847364425659
		endloop
	endfacet
	facet normal 0 1 0
		outer loop
			vertex 0.9572626352310181 4 3.8837673664093018
			vertex 0.4437890648841858 4 3.370912551879883
			vertex 0.4821467101573944 4 3.9708354473114014
		endloop
	endfacet
	facet normal 0 1 0
		outer loop
			vertex 0.9572626352310181 4 3.8837673664093018
			vertex 0.8799847364425659 4 3.2841477394104004
			vertex 0.4437890648841858 4 3.370912551879883
		endloop
	endfacet
	facet normal 0 1 0
		outer loop
			vertex 3.740064859390259 4 1.418419599533081
			vertex 3.8837673664093018 4 0.9572626352310181
			vertex 3.2841477394104004 4 0.8799847364425659
		endloop
	endfacet
	facet normal 0 1 0
		outer loop
			vertex 3.740064859390259 4 1.418419599533081
			vertex 3.2841477394104004 4 0.8799847364425659
			vertex 3.141190528869629 4 1.3011236190795898
		endloop
	endfacet
	facet normal 0 1 0
		outer loop
			vertex 1.418419599533081 4 3.740064859390259
			vertex 1.3011236190795898 4 3.141190528869629
			vertex 0.8799847364425659 4 3.2841477394104004
		endloop
	endfacet
	facet normal 0 1 0
		outer loop
			vertex 1.418419599533081 4 3.740064859390259
			vertex 0.8799847364425659 4 3.2841477394104004
			vertex 0.9572626352310181 4 3.8837673664093018
		endloop
	endfacet
	facet normal 0 1 0
		outer loop
			vertex 3.5418241024017334 4 1.8588926792144775
			vertex 3.740064859390259 4 1.418419599533081
			vertex 3.141190528869629 4 1.3011236190795898
		endloop
	endfacet
	facet normal 0 1 0
		outer loop
			vertex 3.5418241024017334 4 1.8588926792144775
			vertex 3.141190528869629 4 1.3011236190795898
			vertex 2.944486379623413 4 1.7000000476837158
		endloop
	endfacet
	facet normal 0 1 0
		outer loop
			vertex 1.8588926792144775 4 3.5418241024017334
			vertex 1.7000000476837158 4 2.944486379623413
			vertex 1.3011236190795898 4 3.141190528869629
		endloop
	endfacet
	facet normal 0 1 0
		outer loop
			vertex 1.8588926792144775 4 3.5418241024017334
			vertex 1.3011236190795898 4 3.141190528869629
			vertex 1.418419599533081 4 3.740064859390259
		endloop
	endfacet
	facet normal 0 1 0
		outer loop
			vertex 2.272258996963501 4 3.291935443878174
			vertex 1.7000000476837158 4 2.944486379623413
			vertex 1.8588926792144775 4 3.5418241024017334
		endloop
	endfacet
	facet normal 0 1 0
		outer loop
			vertex 2.272258996963501 4 3.291935443878174
			vertex 2.069788932800293 4 2.697401285171509
			vertex 1.7000000476837158 4 2.944486379623413
		endloop
	endfacet
	facet normal 0 1 0
		outer loop
			vertex 3.291935443878174 4 2.272258996963501
			vertex 2.944486379623413 4 1.7000000476837158
			vertex 2.697401285171509 4 2.069788932800293
		endloop
	endfacet
	facet normal 0 1 0
		outer loop
			vertex 3.291935443878174 4 2.272258996963501
			vertex 3.5418241024017334 4 1.8588926792144775
			vertex 2.944486379623413 4 1.7000000476837158
		endloop
	endfacet
	facet normal 0 1 0
		outer loop
			vertex 2.6524906158447266 4 2.9940431118011475
			vertex 2.069788932800293 4 2.697401285171509
			vertex 2.272258996963501 4 3.291935443878174
		endloop
	endfacet
	facet normal 0 1 0
		outer loop
			vertex 2.6524906158447266 4 2.9940431118011475
			vertex 2.404163122177124 4 2.404163122177124
			vertex 2.069788932800293 4 2.697401285171509
		endloop
	endfacet
	facet normal 0 1 0
		outer loop
			vertex 2.9940431118011475 4 2.6524906158447266
			vertex 2.697401285171509 4 2.069788932800293
			vertex 2.404163122177124 4 2.404163122177124
		endloop
	endfacet
	facet normal 0 1 0
		outer loop
			vertex 2.9940431118011475 4 2.6524906158447266
			vertex 2.404163122177124 4 2.404163122177124
			vertex 2.6524906158447266 4 2.9940431118011475
		endloop
	endfacet
	facet normal 0 1 0
		outer loop
			vertex 2.9940431118011475 4 2.6524906158447266
			vertex 3.291935443878174 4 2.272258996963501
			vertex 2.697401285171509 4 2.069788932800293
		endloop
	endfacet
	facet normal -0.9978589127587975 0 -0.0654032891208897
		outer loop
			vertex -3.370912551879883 4 -0.4437890648841858
			vertex -3.4000000953674316 4 4.1637990340917747e-16
			vertex -3.4000000953674316 6 4.1637990340917747e-16
		endloop
	endfacet
	facet normal -0.9978589127587975 0 -0.0654032891208897
		outer loop
			vertex -3.370912551879883 4 -0.4437890648841858
			vertex -3.4000000953674316 6 4.1637990340917747e-16
			vertex -3.370912551879883 6 -0.4437890648841858
		endloop
	endfacet
	facet normal -0.9807852378967429 0 -0.19509053571055024
		outer loop
			vertex -3.2841477394104004 4 -0.8799847364425659
			vertex -3.370912551879883 6 -0.4437890648841858
			vertex -3.2841477394104004 6 -0.8799847364425659
		endloop
	endfacet
	facet normal -0.9807852378967429 0 -0.19509053571055024
		outer loop
			vertex -3.2841477394104004 4 -0.8799847364425659
			vertex -3.370912551879883 4 -0.4437890648841858
			vertex -3.370912551879883 6 -0.4437890648841858
		endloop
	endfacet
	facet normal -0.9469302504581126 0 -0.3214391089574139
		outer loop
			vertex -3.141190528869629 4 -1.3011236190795898
			vertex -3.2841477394104004 6 -0.8799847364425659
			vertex -3.141190528869629 6 -1.3011236190795898
		endloop
	endfacet
	facet normal -0.9469302504581126 0 -0.3214391089574139
		outer loop
			vertex -3.141190528869629 4 -1.3011236190795898
			vertex -3.2841477394104004 4 -0.8799847364425659
			vertex -3.2841477394104004 6 -0.8799847364425659
		endloop
	endfacet
	facet normal -0.8968726854051812 0 -0.44228880403430854
		outer loop
			vertex -2.944486379623413 4 -1.7000000476837158
			vertex -3.141190528869629 6 -1.3011236190795898
			vertex -2.944486379623413 6 -1.7000000476837158
		endloop
	endfacet
	facet normal -0.8968726854051812 0 -0.44228880403430854
		outer loop
			vertex -2.944486379623413 4 -1.7000000476837158
			vertex -3.141190528869629 4 -1.3011236190795898
			vertex -3.141190528869629 6 -1.3011236190795898
		endloop
	endfacet
	facet normal -0.8314695490713746 0 -0.555570327651725
		outer loop
			vertex -2.697401285171509 4 -2.069788932800293
			vertex -2.944486379623413 6 -1.7000000476837158
			vertex -2.697401285171509 6 -2.069788932800293
		endloop
	endfacet
	facet normal -0.8314695490713746 0 -0.555570327651725
		outer loop
			vertex -2.697401285171509 4 -2.069788932800293
			vertex -2.944486379623413 4 -1.7000000476837158
			vertex -2.944486379623413 6 -1.7000000476837158
		endloop
	endfacet
	facet normal -0.7518399534080225 0 -0.6593456486998476
		outer loop
			vertex -2.404163122177124 4 -2.404163122177124
			vertex -2.697401285171509 6 -2.069788932800293
			vertex -2.404163122177124 6 -2.404163122177124
		endloop
	endfacet
	facet normal -0.7518399534080225 0 -0.6593456486998476
		outer loop
			vertex -2.404163122177124 4 -2.404163122177124
			vertex -2.697401285171509 4 -2.069788932800293
			vertex -2.697401285171509 6 -2.069788932800293
		endloop
	endfacet
	facet normal -0.6593456486998476 0 -0.7518399534080225
		outer loop
			vertex -2.069788932800293 4 -2.697401285171509
			vertex -2.404163122177124 6 -2.404163122177124
			vertex -2.069788932800293 6 -2.697401285171509
		endloop
	endfacet
	facet normal -0.6593456486998476 0 -0.7518399534080225
		outer loop
			vertex -2.069788932800293 4 -2.697401285171509
			vertex -2.404163122177124 4 -2.404163122177124
			vertex -2.404163122177124 6 -2.404163122177124
		endloop
	endfacet
	facet normal -0.555570327651725 0 -0.8314695490713746
		outer loop
			vertex -1.7000000476837158 4 -2.944486379623413
			vertex -2.069788932800293 6 -2.697401285171509
			vertex -1.7000000476837158 6 -2.944486379623413
		endloop
	endfacet
	facet normal -0.44228880403430854 0 -0.8968726854051812
		outer loop
			vertex -1.7000000476837158 4 -2.944486379623413
			vertex -1.7000000476837158 6 -2.944486379623413
			vertex -1.3011236190795898 6 -3.141190528869629
		endloop
	endfacet
	facet normal -0.555570327651725 0 -0.8314695490713746
		outer loop
			vertex -1.7000000476837158 4 -2.944486379623413
			vertex -2.069788932800293 4 -2.697401285171509
			vertex -2.069788932800293 6 -2.697401285171509
		endloop
	endfacet
	facet normal -0.44228880403430854 0 -0.8968726854051812
		outer loop
			vertex -1.3011236190795898 4 -3.141190528869629
			vertex -1.7000000476837158 4 -2.944486379623413
			vertex -1.3011236190795898 6 -3.141190528869629
		endloop
	endfacet
	facet normal -0.3214391089574139 0 -0.9469302504581126
		outer loop
			vertex -0.8799847364425659 4 -3.2841477394104004
			vertex -1.3011236190795898 6 -3.141190528869629
			vertex -0.8799847364425659 6 -3.2841477394104004
		endloop
	endfacet
	facet normal -0.3214391089574139 0 -0.9469302504581126
		outer loop
			vertex -0.8799847364425659 4 -3.2841477394104004
			vertex -1.3011236190795898 4 -3.141190528869629
			vertex -1.3011236190795898 6 -3.141190528869629
		endloop
	endfacet
	facet normal -0.19509053571055024 0 -0.9807852378967429
		outer loop
			vertex -0.4437890648841858 4 -3.370912551879883
			vertex -0.8799847364425659 6 -3.2841477394104004
			vertex -0.4437890648841858 6 -3.370912551879883
		endloop
	endfacet
	facet normal -0.06540328912088998 0 -0.9978589127587975
		outer loop
			vertex -0.4437890648841858 4 -3.370912551879883
			vertex -0.4437890648841858 6 -3.370912551879883
			vertex -1.4600126917321083e-15 6 -3.4000000953674316
		endloop
	endfacet
	facet normal -0.19509053571055024 0 -0.9807852378967429
		outer loop
			vertex -0.4437890648841858 4 -3.370912551879883
			vertex -0.8799847364425659 4 -3.2841477394104004
			vertex -0.8799847364425659 6 -3.2841477394104004
		endloop
	endfacet
	facet normal -0.06540328912089025 5.850783915080672e-17 -0.9978589127587976
		outer loop
			vertex -3.1947361677089154e-15 4 -3.4000000953674316
			vertex -0.4437890648841858 4 -3.370912551879883
			vertex -1.4600126917321083e-15 6 -3.4000000953674316
		endloop
	endfacet
	facet normal 0.06540328912088932 -5.67283105220526e-17 -0.9978589127587977
		outer loop
			vertex 0.4437890648841858 4 -3.370912551879883
			vertex -3.1947361677089154e-15 4 -3.4000000953674316
			vertex -1.4600126917321083e-15 6 -3.4000000953674316
		endloop
	endfacet
	facet normal 0.06540328912088957 0 -0.9978589127587976
		outer loop
			vertex 0.4437890648841858 4 -3.370912551879883
			vertex -1.4600126917321083e-15 6 -3.4000000953674316
			vertex 0.4437890648841858 6 -3.370912551879883
		endloop
	endfacet
	facet normal 0.19509053571055024 0 -0.9807852378967429
		outer loop
			vertex 0.8799847364425659 4 -3.2841477394104004
			vertex 0.4437890648841858 4 -3.370912551879883
			vertex 0.4437890648841858 6 -3.370912551879883
		endloop
	endfacet
	facet normal 0.19509053571055024 0 -0.9807852378967429
		outer loop
			vertex 0.8799847364425659 4 -3.2841477394104004
			vertex 0.4437890648841858 6 -3.370912551879883
			vertex 0.8799847364425659 6 -3.2841477394104004
		endloop
	endfacet
	facet normal 0.3214391089574139 0 -0.9469302504581126
		outer loop
			vertex 1.3011236190795898 4 -3.141190528869629
			vertex 0.8799847364425659 4 -3.2841477394104004
			vertex 0.8799847364425659 6 -3.2841477394104004
		endloop
	endfacet
	facet normal 0.3214391089574139 0 -0.9469302504581126
		outer loop
			vertex 1.3011236190795898 4 -3.141190528869629
			vertex 0.8799847364425659 6 -3.2841477394104004
			vertex 1.3011236190795898 6 -3.141190528869629
		endloop
	endfacet
	facet normal 0.44228880403430854 0 -0.8968726854051812
		outer loop
			vertex 1.7000000476837158 4 -2.944486379623413
			vertex 1.3011236190795898 6 -3.141190528869629
			vertex 1.7000000476837158 6 -2.944486379623413
		endloop
	endfacet
	facet normal 0.44228880403430854 0 -0.8968726854051812
		outer loop
			vertex 1.7000000476837158 4 -2.944486379623413
			vertex 1.3011236190795898 4 -3.141190528869629
			vertex 1.3011236190795898 6 -3.141190528869629
		endloop
	endfacet
	facet normal 0.555570327651725 0 -0.8314695490713746
		outer loop
			vertex 2.069788932800293 4 -2.697401285171509
			vertex 1.7000000476837158 6 -2.944486379623413
			vertex 2.069788932800293 6 -2.697401285171509
		endloop
	endfacet
	facet normal 0.6593456486998476 0 -0.7518399534080225
		outer loop
			vertex 2.069788932800293 4 -2.697401285171509
			vertex 2.069788932800293 6 -2.697401285171509
			vertex 2.404163122177124 6 -2.404163122177124
		endloop
	endfacet
	facet normal 0.555570327651725 0 -0.8314695490713746
		outer loop
			vertex 2.069788932800293 4 -2.697401285171509
			vertex 1.7000000476837158 4 -2.944486379623413
			vertex 1.7000000476837158 6 -2.944486379623413
		endloop
	endfacet
	facet normal 0.6593456486998476 0 -0.7518399534080225
		outer loop
			vertex 2.404163122177124 4 -2.404163122177124
			vertex 2.069788932800293 4 -2.697401285171509
			vertex 2.404163122177124 6 -2.404163122177124
		endloop
	endfacet
	facet normal 0.7518399534080225 0 -0.6593456486998476
		outer loop
			vertex 2.697401285171509 4 -2.069788932800293
			vertex 2.404163122177124 6 -2.404163122177124
			vertex 2.697401285171509 6 -2.069788932800293
		endloop
	endfacet
	facet normal 0.7518399534080225 0 -0.6593456486998476
		outer loop
			vertex 2.697401285171509 4 -2.069788932800293
			vertex 2.404163122177124 4 -2.404163122177124
			vertex 2.404163122177124 6 -2.404163122177124
		endloop
	endfacet
	facet normal 0.8314695490713746 0 -0.555570327651725
		outer loop
			vertex 2.944486379623413 4 -1.7000000476837158
			vertex 2.697401285171509 6 -2.069788932800293
			vertex 2.944486379623413 6 -1.7000000476837158
		endloop
	endfacet
	facet normal 0.8314695490713746 0 -0.555570327651725
		outer loop
			vertex 2.944486379623413 4 -1.7000000476837158
			vertex 2.697401285171509 4 -2.069788932800293
			vertex 2.697401285171509 6 -2.069788932800293
		endloop
	endfacet
	facet normal 0.8968726854051812 0 -0.44228880403430854
		outer loop
			vertex 3.141190528869629 4 -1.3011236190795898
			vertex 2.944486379623413 6 -1.7000000476837158
			vertex 3.141190528869629 6 -1.3011236190795898
		endloop
	endfacet
	facet normal 0.8968726854051812 0 -0.44228880403430854
		outer loop
			vertex 3.141190528869629 4 -1.3011236190795898
			vertex 2.944486379623413 4 -1.7000000476837158
			vertex 2.944486379623413 6 -1.7000000476837158
		endloop
	endfacet
	facet normal 0.9469302504581126 0 -0.3214391089574139
		outer loop
			vertex 3.2841477394104004 4 -0.8799847364425659
			vertex 3.141190528869629 6 -1.3011236190795898
			vertex 3.2841477394104004 6 -0.8799847364425659
		endloop
	endfacet
	facet normal 0.9469302504581126 0 -0.3214391089574139
		outer loop
			vertex 3.2841477394104004 4 -0.8799847364425659
			vertex 3.141190528869629 4 -1.3011236190795898
			vertex 3.141190528869629 6 -1.3011236190795898
		endloop
	endfacet
	facet normal 0.9807852378967429 0 -0.19509053571055024
		outer loop
			vertex 3.370912551879883 4 -0.4437890648841858
			vertex 3.2841477394104004 6 -0.8799847364425659
			vertex 3.370912551879883 6 -0.4437890648841858
		endloop
	endfacet
	facet normal 0.9807852378967429 0 -0.19509053571055024
		outer loop
			vertex 3.370912551879883 4 -0.4437890648841858
			vertex 3.2841477394104004 4 -0.8799847364425659
			vertex 3.2841477394104004 6 -0.8799847364425659
		endloop
	endfacet
	facet normal 0.9978589127587975 0 -0.06540328912088977
		outer loop
			vertex 3.4000000953674316 4 0
			vertex 3.370912551879883 6 -0.4437890648841858
			vertex 3.4000000953674316 6 0
		endloop
	endfacet
	facet normal 0.9978589127587975 0 -0.06540328912088977
		outer loop
			vertex 3.4000000953674316 4 0
			vertex 3.370912551879883 4 -0.4437890648841858
			vertex 3.370912551879883 6 -0.4437890648841858
		endloop
	endfacet
	facet normal 0 -1 0
		outer loop
			vertex 2.404163122177124 6 -2.404163122177124
			vertex 2.6524906158447266 6 -2.9940431118011475
			vertex 2.9940431118011475 6 -2.6524906158447266
		endloop
	endfacet
	facet normal 0 -1 0
		outer loop
			vertex 2.697401285171509 6 -2.069788932800293
			vertex 2.404163122177124 6 -2.404163122177124
			vertex 2.9940431118011475 6 -2.6524906158447266
		endloop
	endfacet
	facet normal 0 -1 0
		outer loop
			vertex 2.697401285171509 6 -2.069788932800293
			vertex 2.9940431118011475 6 -2.6524906158447266
			vertex 3.291935443878174 6 -2.272258996963501
		endloop
	endfacet
	facet normal 0 -1 0
		outer loop
			vertex 2.069788932800293 6 -2.697401285171509
			vertex 2.272258996963501 6 -3.291935443878174
			vertex 2.6524906158447266 6 -2.9940431118011475
		endloop
	endfacet
	facet normal 0 -1 0
		outer loop
			vertex 2.069788932800293 6 -2.697401285171509
			vertex 2.6524906158447266 6 -2.9940431118011475
			vertex 2.404163122177124 6 -2.404163122177124
		endloop
	endfacet
	facet normal 0 -1 0
		outer loop
			vertex 2.944486379623413 6 -1.7000000476837158
			vertex 3.291935443878174 6 -2.272258996963501
			vertex 3.5418241024017334 6 -1.8588926792144775
		endloop
	endfacet
	facet normal 0 -1 0
		outer loop
			vertex 2.944486379623413 6 -1.7000000476837158
			vertex 2.697401285171509 6 -2.069788932800293
			vertex 3.291935443878174 6 -2.272258996963501
		endloop
	endfacet
	facet normal 0 -1 0
		outer loop
			vertex 1.7000000476837158 6 -2.944486379623413
			vertex 1.8588926792144775 6 -3.5418241024017334
			vertex 2.272258996963501 6 -3.291935443878174
		endloop
	endfacet
	facet normal 0 -1 0
		outer loop
			vertex 1.7000000476837158 6 -2.944486379623413
			vertex 2.272258996963501 6 -3.291935443878174
			vertex 2.069788932800293 6 -2.697401285171509
		endloop
	endfacet
	facet normal 0 -1 0
		outer loop
			vertex 3.141190528869629 6 -1.3011236190795898
			vertex 3.5418241024017334 6 -1.8588926792144775
			vertex 3.740064859390259 6 -1.418419599533081
		endloop
	endfacet
	facet normal 0 -1 0
		outer loop
			vertex 3.141190528869629 6 -1.3011236190795898
			vertex 2.944486379623413 6 -1.7000000476837158
			vertex 3.5418241024017334 6 -1.8588926792144775
		endloop
	endfacet
	facet normal 0 -1 0
		outer loop
			vertex 1.3011236190795898 6 -3.141190528869629
			vertex 1.8588926792144775 6 -3.5418241024017334
			vertex 1.7000000476837158 6 -2.944486379623413
		endloop
	endfacet
	facet normal 0 -1 0
		outer loop
			vertex 1.3011236190795898 6 -3.141190528869629
			vertex 1.418419599533081 6 -3.740064859390259
			vertex 1.8588926792144775 6 -3.5418241024017334
		endloop
	endfacet
	facet normal 0 -1 0
		outer loop
			vertex 3.2841477394104004 6 -0.8799847364425659
			vertex 3.141190528869629 6 -1.3011236190795898
			vertex 3.740064859390259 6 -1.418419599533081
		endloop
	endfacet
	facet normal 0 -1 0
		outer loop
			vertex 3.2841477394104004 6 -0.8799847364425659
			vertex 3.740064859390259 6 -1.418419599533081
			vertex 3.8837673664093018 6 -0.9572626352310181
		endloop
	endfacet
	facet normal 0 -1 0
		outer loop
			vertex 0.8799847364425659 6 -3.2841477394104004
			vertex 0.9572626352310181 6 -3.8837673664093018
			vertex 1.418419599533081 6 -3.740064859390259
		endloop
	endfacet
	facet normal 0 -1 0
		outer loop
			vertex 0.8799847364425659 6 -3.2841477394104004
			vertex 1.418419599533081 6 -3.740064859390259
			vertex 1.3011236190795898 6 -3.141190528869629
		endloop
	endfacet
	facet normal 0 -1 0
		outer loop
			vertex 3.370912551879883 6 -0.4437890648841858
			vertex 3.2841477394104004 6 -0.8799847364425659
			vertex 3.8837673664093018 6 -0.9572626352310181
		endloop
	endfacet
	facet normal 0 -1 0
		outer loop
			vertex 3.370912551879883 6 -0.4437890648841858
			vertex 3.8837673664093018 6 -0.9572626352310181
			vertex 3.9708354473114014 6 -0.4821467101573944
		endloop
	endfacet
	facet normal 0 -1 0
		outer loop
			vertex 0.4437890648841858 6 -3.370912551879883
			vertex 0.4821467101573944 6 -3.9708354473114014
			vertex 0.9572626352310181 6 -3.8837673664093018
		endloop
	endfacet
	facet normal 0 -1 0
		outer loop
			vertex 0.4437890648841858 6 -3.370912551879883
			vertex 0.9572626352310181 6 -3.8837673664093018
			vertex 0.8799847364425659 6 -3.2841477394104004
		endloop
	endfacet
	facet normal 0 -1 0
		outer loop
			vertex 3.4000000953674316 6 0
			vertex 3.9708354473114014 6 -0.4821467101573944
			vertex 4 6 0
		endloop
	endfacet
	facet normal 0 -1 0
		outer loop
			vertex 3.4000000953674316 6 0
			vertex 4 6 0
			vertex 3.9708354473114014 6 0.4821467101573944
		endloop
	endfacet
	facet normal 0 -1 0
		outer loop
			vertex 3.4000000953674316 6 0
			vertex 3.370912551879883 6 -0.4437890648841858
			vertex 3.9708354473114014 6 -0.4821467101573944
		endloop
	endfacet
	facet normal 0 -1 0
		outer loop
			vertex -1.4600126917321083e-15 6 -3.4000000953674316
			vertex -0.4821467101573944 6 -3.9708354473114014
			vertex 8.022095730482025e-15 6 -4
		endloop
	endfacet
	facet normal 0 -1 0
		outer loop
			vertex -1.4600126917321083e-15 6 -3.4000000953674316
			vertex 8.022095730482025e-15 6 -4
			vertex 0.4821467101573944 6 -3.9708354473114014
		endloop
	endfacet
	facet normal 0 -1 0
		outer loop
			vertex -1.4600126917321083e-15 6 -3.4000000953674316
			vertex 0.4821467101573944 6 -3.9708354473114014
			vertex 0.4437890648841858 6 -3.370912551879883
		endloop
	endfacet
	facet normal 0 -1 0
		outer loop
			vertex 3.370912551879883 6 0.4437890648841858
			vertex 3.4000000953674316 6 0
			vertex 3.9708354473114014 6 0.4821467101573944
		endloop
	endfacet
	facet normal 0 -1 0
		outer loop
			vertex -0.4437890648841858 6 -3.370912551879883
			vertex -0.4821467101573944 6 -3.9708354473114014
			vertex -1.4600126917321083e-15 6 -3.4000000953674316
		endloop
	endfacet
	facet normal 0 -1 0
		outer loop
			vertex -0.9572626352310181 6 -3.8837673664093018
			vertex -0.4821467101573944 6 -3.9708354473114014
			vertex -0.4437890648841858 6 -3.370912551879883
		endloop
	endfacet
	facet normal 0 -1 0
		outer loop
			vertex 3.8837673664093018 6 0.9572626352310181
			vertex 3.370912551879883 6 0.4437890648841858
			vertex 3.9708354473114014 6 0.4821467101573944
		endloop
	endfacet
	facet normal 0 -1 0
		outer loop
			vertex 3.2841477394104004 6 0.8799847364425659
			vertex 3.370912551879883 6 0.4437890648841858
			vertex 3.8837673664093018 6 0.9572626352310181
		endloop
	endfacet
	facet normal 0 -1 0
		outer loop
			vertex -0.8799847364425659 6 -3.2841477394104004
			vertex -0.9572626352310181 6 -3.8837673664093018
			vertex -0.4437890648841858 6 -3.370912551879883
		endloop
	endfacet
	facet normal 0 -1 0
		outer loop
			vertex 3.740064859390259 6 1.418419599533081
			vertex 3.2841477394104004 6 0.8799847364425659
			vertex 3.8837673664093018 6 0.9572626352310181
		endloop
	endfacet
	facet normal 0 -1 0
		outer loop
			vertex -1.418419599533081 6 -3.740064859390259
			vertex -0.9572626352310181 6 -3.8837673664093018
			vertex -0.8799847364425659 6 -3.2841477394104004
		endloop
	endfacet
	facet normal 0 -1 0
		outer loop
			vertex 3.141190528869629 6 1.3011236190795898
			vertex 3.2841477394104004 6 0.8799847364425659
			vertex 3.740064859390259 6 1.418419599533081
		endloop
	endfacet
	facet normal 0 -1 0
		outer loop
			vertex -1.3011236190795898 6 -3.141190528869629
			vertex -1.418419599533081 6 -3.740064859390259
			vertex -0.8799847364425659 6 -3.2841477394104004
		endloop
	endfacet
	facet normal 0 -1 0
		outer loop
			vertex 3.5418241024017334 6 1.8588926792144775
			vertex 3.141190528869629 6 1.3011236190795898
			vertex 3.740064859390259 6 1.418419599533081
		endloop
	endfacet
	facet normal 0 -1 0
		outer loop
			vertex -1.8588926792144775 6 -3.5418241024017334
			vertex -1.418419599533081 6 -3.740064859390259
			vertex -1.3011236190795898 6 -3.141190528869629
		endloop
	endfacet
	facet normal 0 -1 0
		outer loop
			vertex 2.944486379623413 6 1.7000000476837158
			vertex 3.141190528869629 6 1.3011236190795898
			vertex 3.5418241024017334 6 1.8588926792144775
		endloop
	endfacet
	facet normal 0 -1 0
		outer loop
			vertex -1.7000000476837158 6 -2.944486379623413
			vertex -1.8588926792144775 6 -3.5418241024017334
			vertex -1.3011236190795898 6 -3.141190528869629
		endloop
	endfacet
	facet normal 0 -1 0
		outer loop
			vertex 3.291935443878174 6 2.272258996963501
			vertex 2.944486379623413 6 1.7000000476837158
			vertex 3.5418241024017334 6 1.8588926792144775
		endloop
	endfacet
	facet normal 0 -1 0
		outer loop
			vertex -2.272258996963501 6 -3.291935443878174
			vertex -1.8588926792144775 6 -3.5418241024017334
			vertex -1.7000000476837158 6 -2.944486379623413
		endloop
	endfacet
	facet normal 0 -1 0
		outer loop
			vertex 2.697401285171509 6 2.069788932800293
			vertex 2.944486379623413 6 1.7000000476837158
			vertex 3.291935443878174 6 2.272258996963501
		endloop
	endfacet
	facet normal 0 -1 0
		outer loop
			vertex -2.069788932800293 6 -2.697401285171509
			vertex -2.272258996963501 6 -3.291935443878174
			vertex -1.7000000476837158 6 -2.944486379623413
		endloop
	endfacet
	facet normal 0 -1 0
		outer loop
			vertex 2.9940431118011475 6 2.6524906158447266
			vertex 2.697401285171509 6 2.069788932800293
			vertex 3.291935443878174 6 2.272258996963501
		endloop
	endfacet
	facet normal 0 -1 0
		outer loop
			vertex -2.6524906158447266 6 -2.9940431118011475
			vertex -2.272258996963501 6 -3.291935443878174
			vertex -2.069788932800293 6 -2.697401285171509
		endloop
	endfacet
	facet normal 0 -1 0
		outer loop
			vertex 2.404163122177124 6 2.404163122177124
			vertex 2.697401285171509 6 2.069788932800293
			vertex 2.9940431118011475 6 2.6524906158447266
		endloop
	endfacet
	facet normal 0 -1 0
		outer loop
			vertex -2.404163122177124 6 -2.404163122177124
			vertex -2.6524906158447266 6 -2.9940431118011475
			vertex -2.069788932800293 6 -2.697401285171509
		endloop
	endfacet
	facet normal 0 -1 0
		outer loop
			vertex 2.6524906158447266 6 2.9940431118011475
			vertex 2.404163122177124 6 2.404163122177124
			vertex 2.9940431118011475 6 2.6524906158447266
		endloop
	endfacet
	facet normal 0 -1 0
		outer loop
			vertex -2.9940431118011475 6 -2.6524906158447266
			vertex -2.6524906158447266 6 -2.9940431118011475
			vertex -2.404163122177124 6 -2.404163122177124
		endloop
	endfacet
	facet normal 0 -1 0
		outer loop
			vertex 2.069788932800293 6 2.697401285171509
			vertex 2.404163122177124 6 2.404163122177124
			vertex 2.6524906158447266 6 2.9940431118011475
		endloop
	endfacet
	facet normal 0 -1 0
		outer loop
			vertex -2.697401285171509 6 -2.069788932800293
			vertex -2.9940431118011475 6 -2.6524906158447266
			vertex -2.404163122177124 6 -2.404163122177124
		endloop
	endfacet
	facet normal 0 -1 0
		outer loop
			vertex -3.291935443878174 6 -2.272258996963501
			vertex -2.9940431118011475 6 -2.6524906158447266
			vertex -2.697401285171509 6 -2.069788932800293
		endloop
	endfacet
	facet normal 0 -1 0
		outer loop
			vertex 2.272258996963501 6 3.291935443878174
			vertex 2.069788932800293 6 2.697401285171509
			vertex 2.6524906158447266 6 2.9940431118011475
		endloop
	endfacet
	facet normal 0 -1 0
		outer loop
			vertex -2.944486379623413 6 -1.7000000476837158
			vertex -3.291935443878174 6 -2.272258996963501
			vertex -2.697401285171509 6 -2.069788932800293
		endloop
	endfacet
	facet normal 0 -1 0
		outer loop
			vertex 1.7000000476837158 6 2.944486379623413
			vertex 2.069788932800293 6 2.697401285171509
			vertex 2.272258996963501 6 3.291935443878174
		endloop
	endfacet
	facet normal 0 -1 0
		outer loop
			vertex -3.5418241024017334 6 -1.8588926792144775
			vertex -3.291935443878174 6 -2.272258996963501
			vertex -2.944486379623413 6 -1.7000000476837158
		endloop
	endfacet
	facet normal 0 -1 0
		outer loop
			vertex 1.8588926792144775 6 3.5418241024017334
			vertex 1.7000000476837158 6 2.944486379623413
			vertex 2.272258996963501 6 3.291935443878174
		endloop
	endfacet
	facet normal 0 -1 0
		outer loop
			vertex -3.141190528869629 6 -1.3011236190795898
			vertex -3.5418241024017334 6 -1.8588926792144775
			vertex -2.944486379623413 6 -1.7000000476837158
		endloop
	endfacet
	facet normal 0 -1 0
		outer loop
			vertex 1.3011236190795898 6 3.141190528869629
			vertex 1.7000000476837158 6 2.944486379623413
			vertex 1.8588926792144775 6 3.5418241024017334
		endloop
	endfacet
	facet normal 0 -1 0
		outer loop
			vertex 1.418419599533081 6 3.740064859390259
			vertex 1.3011236190795898 6 3.141190528869629
			vertex 1.8588926792144775 6 3.5418241024017334
		endloop
	endfacet
	facet normal 0 -1 0
		outer loop
			vertex -3.740064859390259 6 -1.418419599533081
			vertex -3.5418241024017334 6 -1.8588926792144775
			vertex -3.141190528869629 6 -1.3011236190795898
		endloop
	endfacet
	facet normal 0 -1 0
		outer loop
			vertex -3.2841477394104004 6 -0.8799847364425659
			vertex -3.740064859390259 6 -1.418419599533081
			vertex -3.141190528869629 6 -1.3011236190795898
		endloop
	endfacet
	facet normal 0 -1 0
		outer loop
			vertex 0.8799847364425659 6 3.2841477394104004
			vertex 1.3011236190795898 6 3.141190528869629
			vertex 1.418419599533081 6 3.740064859390259
		endloop
	endfacet
	facet normal 0 -1 0
		outer loop
			vertex -3.8837673664093018 6 -0.9572626352310181
			vertex -3.740064859390259 6 -1.418419599533081
			vertex -3.2841477394104004 6 -0.8799847364425659
		endloop
	endfacet
	facet normal 0 -1 0
		outer loop
			vertex 0.9572626352310181 6 3.8837673664093018
			vertex 0.8799847364425659 6 3.2841477394104004
			vertex 1.418419599533081 6 3.740064859390259
		endloop
	endfacet
	facet normal 0 -1 0
		outer loop
			vertex -3.370912551879883 6 -0.4437890648841858
			vertex -3.8837673664093018 6 -0.9572626352310181
			vertex -3.2841477394104004 6 -0.8799847364425659
		endloop
	endfacet
	facet normal 0 -1 0
		outer loop
			vertex 0.4437890648841858 6 3.370912551879883
			vertex 0.8799847364425659 6 3.2841477394104004
			vertex 0.9572626352310181 6 3.8837673664093018
		endloop
	endfacet
	facet normal 0 -1 0
		outer loop
			vertex -3.9708354473114014 6 -0.4821467101573944
			vertex -3.8837673664093018 6 -0.9572626352310181
			vertex -3.370912551879883 6 -0.4437890648841858
		endloop
	endfacet
	facet normal 0 -1 0
		outer loop
			vertex -3.9708354473114014 6 -0.4821467101573944
			vertex -3.370912551879883 6 -0.4437890648841858
			vertex -3.4000000953674316 6 4.1637990340917747e-16
		endloop
	endfacet
	facet normal 0 -1 0
		outer loop
			vertex 0.4821467101573944 6 3.9708354473114014
			vertex 0.4437890648841858 6 3.370912551879883
			vertex 0.9572626352310181 6 3.8837673664093018
		endloop
	endfacet
	facet normal 0 -1 0
		outer loop
			vertex 0.4821467101573944 6 3.9708354473114014
			vertex 4.657408542895402e-15 6 3.4000000953674316
			vertex 0.4437890648841858 6 3.370912551879883
		endloop
	endfacet
	facet normal 0 -1 0
		outer loop
			vertex 7.22545700842462e-15 6 4
			vertex 4.657408542895402e-15 6 3.4000000953674316
			vertex 0.4821467101573944 6 3.9708354473114014
		endloop
	endfacet
	facet normal 0 -1 0
		outer loop
			vertex -4 6 4.898587410340671e-16
			vertex -3.9708354473114014 6 -0.4821467101573944
			vertex -3.4000000953674316 6 4.1637990340917747e-16
		endloop
	endfacet
	facet normal 0 -1 0
		outer loop
			vertex -0.4821467101573944 6 3.9708354473114014
			vertex 4.657408542895402e-15 6 3.4000000953674316
			vertex 7.22545700842462e-15 6 4
		endloop
	endfacet
	facet normal 0 -1 0
		outer loop
			vertex -0.4821467101573944 6 3.9708354473114014
			vertex -0.4437890648841858 6 3.370912551879883
			vertex 4.657408542895402e-15 6 3.4000000953674316
		endloop
	endfacet
	facet normal 0 -1 0
		outer loop
			vertex -3.9708354473114014 6 0.4821467101573944
			vertex -4 6 4.898587410340671e-16
			vertex -3.4000000953674316 6 4.1637990340917747e-16
		endloop
	endfacet
	facet normal 0 -1 0
		outer loop
			vertex -3.9708354473114014 6 0.4821467101573944
			vertex -3.4000000953674316 6 4.1637990340917747e-16
			vertex -3.370912551879883 6 0.4437890648841858
		endloop
	endfacet
	facet normal 0 -1 0
		outer loop
			vertex -0.9572626352310181 6 3.8837673664093018
			vertex -0.4437890648841858 6 3.370912551879883
			vertex -0.4821467101573944 6 3.9708354473114014
		endloop
	endfacet
	facet normal 0 -1 0
		outer loop
			vertex -0.9572626352310181 6 3.8837673664093018
			vertex -0.8799847364425659 6 3.2841477394104004
			vertex -0.4437890648841858 6 3.370912551879883
		endloop
	endfacet
	facet normal 0 -1 0
		outer loop
			vertex -3.8837673664093018 6 0.9572626352310181
			vertex -3.9708354473114014 6 0.4821467101573944
			vertex -3.370912551879883 6 0.4437890648841858
		endloop
	endfacet
	facet normal 0 -1 0
		outer loop
			vertex -3.8837673664093018 6 0.9572626352310181
			vertex -3.370912551879883 6 0.4437890648841858
			vertex -3.2841477394104004 6 0.8799847364425659
		endloop
	endfacet
	facet normal 0 -1 0
		outer loop
			vertex -1.418419599533081 6 3.740064859390259
			vertex -0.8799847364425659 6 3.2841477394104004
			vertex -0.9572626352310181 6 3.8837673664093018
		endloop
	endfacet
	facet normal 0 -1 0
		outer loop
			vertex -1.418419599533081 6 3.740064859390259
			vertex -1.3011236190795898 6 3.141190528869629
			vertex -0.8799847364425659 6 3.2841477394104004
		endloop
	endfacet
	facet normal 0 -1 0
		outer loop
			vertex -3.740064859390259 6 1.418419599533081
			vertex -3.8837673664093018 6 0.9572626352310181
			vertex -3.2841477394104004 6 0.8799847364425659
		endloop
	endfacet
	facet normal 0 -1 0
		outer loop
			vertex -3.740064859390259 6 1.418419599533081
			vertex -3.2841477394104004 6 0.8799847364425659
			vertex -3.141190528869629 6 1.3011236190795898
		endloop
	endfacet
	facet normal 0 -1 0
		outer loop
			vertex -1.8588926792144775 6 3.5418241024017334
			vertex -1.3011236190795898 6 3.141190528869629
			vertex -1.418419599533081 6 3.740064859390259
		endloop
	endfacet
	facet normal 0 -1 0
		outer loop
			vertex -1.8588926792144775 6 3.5418241024017334
			vertex -1.7000000476837158 6 2.944486379623413
			vertex -1.3011236190795898 6 3.141190528869629
		endloop
	endfacet
	facet normal 0 -1 0
		outer loop
			vertex -3.5418241024017334 6 1.8588926792144775
			vertex -3.740064859390259 6 1.418419599533081
			vertex -3.141190528869629 6 1.3011236190795898
		endloop
	endfacet
	facet normal 0 -1 0
		outer loop
			vertex -3.5418241024017334 6 1.8588926792144775
			vertex -3.141190528869629 6 1.3011236190795898
			vertex -2.944486379623413 6 1.7000000476837158
		endloop
	endfacet
	facet normal 0 -1 0
		outer loop
			vertex -2.272258996963501 6 3.291935443878174
			vertex -1.7000000476837158 6 2.944486379623413
			vertex -1.8588926792144775 6 3.5418241024017334
		endloop
	endfacet
	facet normal 0 -1 0
		outer loop
			vertex -2.272258996963501 6 3.291935443878174
			vertex -2.069788932800293 6 2.697401285171509
			vertex -1.7000000476837158 6 2.944486379623413
		endloop
	endfacet
	facet normal 0 -1 0
		outer loop
			vertex -3.291935443878174 6 2.272258996963501
			vertex -3.5418241024017334 6 1.8588926792144775
			vertex -2.944486379623413 6 1.7000000476837158
		endloop
	endfacet
	facet normal 0 -1 0
		outer loop
			vertex -3.291935443878174 6 2.272258996963501
			vertex -2.944486379623413 6 1.7000000476837158
			vertex -2.697401285171509 6 2.069788932800293
		endloop
	endfacet
	facet normal 0 -1 0
		outer loop
			vertex -2.9940431118011475 6 2.6524906158447266
			vertex -2.697401285171509 6 2.069788932800293
			vertex -2.404163122177124 6 2.404163122177124
		endloop
	endfacet
	facet normal 0 -1 0
		outer loop
			vertex -2.9940431118011475 6 2.6524906158447266
			vertex -3.291935443878174 6 2.272258996963501
			vertex -2.697401285171509 6 2.069788932800293
		endloop
	endfacet
	facet normal 0 -1 0
		outer loop
			vertex -2.6524906158447266 6 2.9940431118011475
			vertex -2.404163122177124 6 2.404163122177124
			vertex -2.069788932800293 6 2.697401285171509
		endloop
	endfacet
	facet normal 0 -1 0
		outer loop
			vertex -2.6524906158447266 6 2.9940431118011475
			vertex -2.069788932800293 6 2.697401285171509
			vertex -2.272258996963501 6 3.291935443878174
		endloop
	endfacet
	facet normal 0 -1 0
		outer loop
			vertex -2.6524906158447266 6 2.9940431118011475
			vertex -2.9940431118011475 6 2.6524906158447266
			vertex -2.404163122177124 6 2.404163122177124
		endloop
	endfacet
	facet normal -0.9981755480174104 0 -0.060378600018076024
		outer loop
			vertex -3.9708354473114014 6 -0.4821467101573944
			vertex -4 6 4.898587410340671e-16
			vertex -4 7 4.898587410340671e-16
		endloop
	endfacet
	facet normal -0.9981755480174104 0 -0.060378600018076024
		outer loop
			vertex -3.9708354473114014 6 -0.4821467101573944
			vertex -4 7 4.898587410340671e-16
			vertex -3.9708354473114014 7 -0.4821467101573944
		endloop
	endfacet
	facet normal -0.9836199597162844 0 -0.18025474986178666
		outer loop
			vertex -3.8837673664093018 6 -0.9572626352310181
			vertex -3.9708354473114014 7 -0.4821467101573944
			vertex -3.8837673664093018 7 -0.9572626352310181
		endloop
	endfacet
	facet normal -0.9836199597162844 0 -0.18025474986178666
		outer loop
			vertex -3.8837673664093018 6 -0.9572626352310181
			vertex -3.9708354473114014 6 -0.4821467101573944
			vertex -3.9708354473114014 7 -0.4821467101573944
		endloop
	endfacet
	facet normal -0.954720757594079 0 -0.2975034033737901
		outer loop
			vertex -3.740064859390259 6 -1.418419599533081
			vertex -3.8837673664093018 7 -0.9572626352310181
			vertex -3.740064859390259 7 -1.418419599533081
		endloop
	endfacet
	facet normal -0.954720757594079 0 -0.2975034033737901
		outer loop
			vertex -3.740064859390259 6 -1.418419599533081
			vertex -3.8837673664093018 6 -0.9572626352310181
			vertex -3.8837673664093018 7 -0.9572626352310181
		endloop
	endfacet
	facet normal -0.9118999110691429 0 -0.41041266085744627
		outer loop
			vertex -3.5418241024017334 6 -1.8588926792144775
			vertex -3.740064859390259 7 -1.418419599533081
			vertex -3.5418241024017334 7 -1.8588926792144775
		endloop
	endfacet
	facet normal -0.9118999110691429 0 -0.41041266085744627
		outer loop
			vertex -3.5418241024017334 6 -1.8588926792144775
			vertex -3.740064859390259 6 -1.418419599533081
			vertex -3.740064859390259 7 -1.418419599533081
		endloop
	endfacet
	facet normal -0.8557812649691209 0 -0.5173378263068066
		outer loop
			vertex -3.291935443878174 6 -2.272258996963501
			vertex -3.5418241024017334 7 -1.8588926792144775
			vertex -3.291935443878174 7 -2.272258996963501
		endloop
	endfacet
	facet normal -0.8557812649691209 0 -0.5173378263068066
		outer loop
			vertex -3.291935443878174 6 -2.272258996963501
			vertex -3.5418241024017334 6 -1.8588926792144775
			vertex -3.5418241024017334 7 -1.8588926792144775
		endloop
	endfacet
	facet normal -0.7871835987402919 0 -0.6167187218451239
		outer loop
			vertex -2.9940431118011475 6 -2.6524906158447266
			vertex -3.291935443878174 7 -2.272258996963501
			vertex -2.9940431118011475 7 -2.6524906158447266
		endloop
	endfacet
	facet normal -0.7871835987402919 0 -0.6167187218451239
		outer loop
			vertex -2.9940431118011475 6 -2.6524906158447266
			vertex -3.291935443878174 6 -2.272258996963501
			vertex -3.291935443878174 7 -2.272258996963501
		endloop
	endfacet
	facet normal -0.7071067811865476 0 -0.7071067811865476
		outer loop
			vertex -2.6524906158447266 6 -2.9940431118011475
			vertex -2.9940431118011475 7 -2.6524906158447266
			vertex -2.6524906158447266 7 -2.9940431118011475
		endloop
	endfacet
	facet normal -0.7071067811865476 0 -0.7071067811865476
		outer loop
			vertex -2.6524906158447266 6 -2.9940431118011475
			vertex -2.9940431118011475 6 -2.6524906158447266
			vertex -2.9940431118011475 7 -2.6524906158447266
		endloop
	endfacet
	facet normal -0.6167187218451239 0 -0.7871835987402919
		outer loop
			vertex -2.272258996963501 6 -3.291935443878174
			vertex -2.6524906158447266 7 -2.9940431118011475
			vertex -2.272258996963501 7 -3.291935443878174
		endloop
	endfacet
	facet normal -0.6167187218451239 0 -0.7871835987402919
		outer loop
			vertex -2.272258996963501 6 -3.291935443878174
			vertex -2.6524906158447266 6 -2.9940431118011475
			vertex -2.6524906158447266 7 -2.9940431118011475
		endloop
	endfacet
	facet normal -0.5173378263068066 0 -0.8557812649691209
		outer loop
			vertex -1.8588926792144775 6 -3.5418241024017334
			vertex -2.272258996963501 7 -3.291935443878174
			vertex -1.8588926792144775 7 -3.5418241024017334
		endloop
	endfacet
	facet normal -0.5173378263068066 0 -0.8557812649691209
		outer loop
			vertex -1.8588926792144775 6 -3.5418241024017334
			vertex -2.272258996963501 6 -3.291935443878174
			vertex -2.272258996963501 7 -3.291935443878174
		endloop
	endfacet
	facet normal -0.41041266085744627 0 -0.9118999110691429
		outer loop
			vertex -1.418419599533081 6 -3.740064859390259
			vertex -1.8588926792144775 7 -3.5418241024017334
			vertex -1.418419599533081 7 -3.740064859390259
		endloop
	endfacet
	facet normal -0.41041266085744627 0 -0.9118999110691429
		outer loop
			vertex -1.418419599533081 6 -3.740064859390259
			vertex -1.8588926792144775 6 -3.5418241024017334
			vertex -1.8588926792144775 7 -3.5418241024017334
		endloop
	endfacet
	facet normal -0.2975034033737901 0 -0.954720757594079
		outer loop
			vertex -0.9572626352310181 6 -3.8837673664093018
			vertex -1.418419599533081 6 -3.740064859390259
			vertex -1.418419599533081 7 -3.740064859390259
		endloop
	endfacet
	facet normal -0.2975034033737901 0 -0.954720757594079
		outer loop
			vertex -0.9572626352310181 6 -3.8837673664093018
			vertex -1.418419599533081 7 -3.740064859390259
			vertex -0.9572626352310181 7 -3.8837673664093018
		endloop
	endfacet
	facet normal -0.18025474986178666 0 -0.9836199597162844
		outer loop
			vertex -0.4821467101573944 6 -3.9708354473114014
			vertex -0.9572626352310181 6 -3.8837673664093018
			vertex -0.9572626352310181 7 -3.8837673664093018
		endloop
	endfacet
	facet normal -0.18025474986178666 0 -0.9836199597162844
		outer loop
			vertex -0.4821467101573944 6 -3.9708354473114014
			vertex -0.9572626352310181 7 -3.8837673664093018
			vertex -0.4821467101573944 7 -3.9708354473114014
		endloop
	endfacet
	facet normal -0.06037860001807498 0 -0.9981755480174104
		outer loop
			vertex -0.4821467101573944 6 -3.9708354473114014
			vertex -0.4821467101573944 7 -3.9708354473114014
			vertex 8.889457468470429e-15 7 -4
		endloop
	endfacet
	facet normal -0.06037860001807508 5.0278928129928343e-17 -0.9981755480174104
		outer loop
			vertex 8.022095730482025e-15 6 -4
			vertex -0.4821467101573944 6 -3.9708354473114014
			vertex 8.889457468470429e-15 7 -4
		endloop
	endfacet
	facet normal 0.06037860001807719 -5.237008744898609e-17 -0.9981755480174103
		outer loop
			vertex 8.022095730482025e-15 6 -4
			vertex 8.889457468470429e-15 7 -4
			vertex 0.4821467101573944 7 -3.9708354473114014
		endloop
	endfacet
	facet normal 0.060378600018077086 0 -0.9981755480174103
		outer loop
			vertex 0.4821467101573944 6 -3.9708354473114014
			vertex 8.022095730482025e-15 6 -4
			vertex 0.4821467101573944 7 -3.9708354473114014
		endloop
	endfacet
	facet normal 0.18025474986178666 0 -0.9836199597162844
		outer loop
			vertex 0.9572626352310181 6 -3.8837673664093018
			vertex 0.4821467101573944 7 -3.9708354473114014
			vertex 0.9572626352310181 7 -3.8837673664093018
		endloop
	endfacet
	facet normal 0.18025474986178666 0 -0.9836199597162844
		outer loop
			vertex 0.9572626352310181 6 -3.8837673664093018
			vertex 0.4821467101573944 6 -3.9708354473114014
			vertex 0.4821467101573944 7 -3.9708354473114014
		endloop
	endfacet
	facet normal 0.2975034033737901 0 -0.954720757594079
		outer loop
			vertex 1.418419599533081 6 -3.740064859390259
			vertex 0.9572626352310181 7 -3.8837673664093018
			vertex 1.418419599533081 7 -3.740064859390259
		endloop
	endfacet
	facet normal 0.2975034033737901 0 -0.954720757594079
		outer loop
			vertex 1.418419599533081 6 -3.740064859390259
			vertex 0.9572626352310181 6 -3.8837673664093018
			vertex 0.9572626352310181 7 -3.8837673664093018
		endloop
	endfacet
	facet normal 0.41041266085744627 0 -0.9118999110691429
		outer loop
			vertex 1.8588926792144775 6 -3.5418241024017334
			vertex 1.418419599533081 7 -3.740064859390259
			vertex 1.8588926792144775 7 -3.5418241024017334
		endloop
	endfacet
	facet normal 0.41041266085744627 0 -0.9118999110691429
		outer loop
			vertex 1.8588926792144775 6 -3.5418241024017334
			vertex 1.418419599533081 6 -3.740064859390259
			vertex 1.418419599533081 7 -3.740064859390259
		endloop
	endfacet
	facet normal 0.5173378263068066 0 -0.8557812649691209
		outer loop
			vertex 2.272258996963501 6 -3.291935443878174
			vertex 1.8588926792144775 7 -3.5418241024017334
			vertex 2.272258996963501 7 -3.291935443878174
		endloop
	endfacet
	facet normal 0.5173378263068066 0 -0.8557812649691209
		outer loop
			vertex 2.272258996963501 6 -3.291935443878174
			vertex 1.8588926792144775 6 -3.5418241024017334
			vertex 1.8588926792144775 7 -3.5418241024017334
		endloop
	endfacet
	facet normal 0.6167187218451239 0 -0.7871835987402919
		outer loop
			vertex 2.6524906158447266 6 -2.9940431118011475
			vertex 2.272258996963501 7 -3.291935443878174
			vertex 2.6524906158447266 7 -2.9940431118011475
		endloop
	endfacet
	facet normal 0.7071067811865476 0 -0.7071067811865476
		outer loop
			vertex 2.6524906158447266 6 -2.9940431118011475
			vertex 2.6524906158447266 7 -2.9940431118011475
			vertex 2.9940431118011475 7 -2.6524906158447266
		endloop
	endfacet
	facet normal 0.6167187218451239 0 -0.7871835987402919
		outer loop
			vertex 2.6524906158447266 6 -2.9940431118011475
			vertex 2.272258996963501 6 -3.291935443878174
			vertex 2.272258996963501 7 -3.291935443878174
		endloop
	endfacet
	facet normal 0.7871835987402919 0 -0.6167187218451239
		outer loop
			vertex 2.9940431118011475 6 -2.6524906158447266
			vertex 2.9940431118011475 7 -2.6524906158447266
			vertex 3.291935443878174 7 -2.272258996963501
		endloop
	endfacet
	facet normal 0.7071067811865476 0 -0.7071067811865476
		outer loop
			vertex 2.9940431118011475 6 -2.6524906158447266
			vertex 2.6524906158447266 6 -2.9940431118011475
			vertex 2.9940431118011475 7 -2.6524906158447266
		endloop
	endfacet
	facet normal 0.7871835987402919 0 -0.6167187218451239
		outer loop
			vertex 3.291935443878174 6 -2.272258996963501
			vertex 2.9940431118011475 6 -2.6524906158447266
			vertex 3.291935443878174 7 -2.272258996963501
		endloop
	endfacet
	facet normal 0.8557812649691209 0 -0.5173378263068066
		outer loop
			vertex 3.5418241024017334 6 -1.8588926792144775
			vertex 3.291935443878174 7 -2.272258996963501
			vertex 3.5418241024017334 7 -1.8588926792144775
		endloop
	endfacet
	facet normal 0.8557812649691209 0 -0.5173378263068066
		outer loop
			vertex 3.5418241024017334 6 -1.8588926792144775
			vertex 3.291935443878174 6 -2.272258996963501
			vertex 3.291935443878174 7 -2.272258996963501
		endloop
	endfacet
	facet normal 0.9118999110691429 0 -0.41041266085744627
		outer loop
			vertex 3.740064859390259 6 -1.418419599533081
			vertex 3.5418241024017334 7 -1.8588926792144775
			vertex 3.740064859390259 7 -1.418419599533081
		endloop
	endfacet
	facet normal 0.9118999110691429 0 -0.41041266085744627
		outer loop
			vertex 3.740064859390259 6 -1.418419599533081
			vertex 3.5418241024017334 6 -1.8588926792144775
			vertex 3.5418241024017334 7 -1.8588926792144775
		endloop
	endfacet
	facet normal 0.954720757594079 0 -0.2975034033737901
		outer loop
			vertex 3.8837673664093018 6 -0.9572626352310181
			vertex 3.740064859390259 7 -1.418419599533081
			vertex 3.8837673664093018 7 -0.9572626352310181
		endloop
	endfacet
	facet normal 0.9836199597162844 0 -0.18025474986178666
		outer loop
			vertex 3.8837673664093018 6 -0.9572626352310181
			vertex 3.8837673664093018 7 -0.9572626352310181
			vertex 3.9708354473114014 7 -0.4821467101573944
		endloop
	endfacet
	facet normal 0.954720757594079 0 -0.2975034033737901
		outer loop
			vertex 3.8837673664093018 6 -0.9572626352310181
			vertex 3.740064859390259 6 -1.418419599533081
			vertex 3.740064859390259 7 -1.418419599533081
		endloop
	endfacet
	facet normal 0.9836199597162844 0 -0.18025474986178666
		outer loop
			vertex 3.9708354473114014 6 -0.4821467101573944
			vertex 3.8837673664093018 6 -0.9572626352310181
			vertex 3.9708354473114014 7 -0.4821467101573944
		endloop
	endfacet
	facet normal 0.9981755480174103 0 -0.06037860001807608
		outer loop
			vertex 4 6 0
			vertex 3.9708354473114014 7 -0.4821467101573944
			vertex 4 7 0
		endloop
	endfacet
	facet normal 0.9981755480174103 0 -0.06037860001807608
		outer loop
			vertex 4 6 0
			vertex 3.9708354473114014 6 -0.4821467101573944
			vertex 3.9708354473114014 7 -0.4821467101573944
		endloop
	endfacet
	facet normal 0 -1 0
		outer loop
			vertex 2.6524906158447266 7 -2.9940431118011475
			vertex 3.236931324005127 7 -3.8108103275299072
			vertex 3.6299774646759033 7 -3.438497304916382
		endloop
	endfacet
	facet normal 0 -1 0
		outer loop
			vertex 2.9940431118011475 7 -2.6524906158447266
			vertex 3.6299774646759033 7 -3.438497304916382
			vertex 3.9804654121398926 7 -3.0258710384368896
		endloop
	endfacet
	facet normal 0 -1 0
		outer loop
			vertex 2.9940431118011475 7 -2.6524906158447266
			vertex 2.6524906158447266 7 -2.9940431118011475
			vertex 3.6299774646759033 7 -3.438497304916382
		endloop
	endfacet
	facet normal 0 -1 0
		outer loop
			vertex 2.272258996963501 7 -3.291935443878174
			vertex 2.8059353828430176 7 -4.138444900512695
			vertex 3.236931324005127 7 -3.8108103275299072
		endloop
	endfacet
	facet normal 0 -1 0
		outer loop
			vertex 2.272258996963501 7 -3.291935443878174
			vertex 3.236931324005127 7 -3.8108103275299072
			vertex 2.6524906158447266 7 -2.9940431118011475
		endloop
	endfacet
	facet normal 0 -1 0
		outer loop
			vertex 3.291935443878174 7 -2.272258996963501
			vertex 3.9804654121398926 7 -3.0258710384368896
			vertex 4.284286022186279 7 -2.5777692794799805
		endloop
	endfacet
	facet normal 0 -1 0
		outer loop
			vertex 3.291935443878174 7 -2.272258996963501
			vertex 2.9940431118011475 7 -2.6524906158447266
			vertex 3.9804654121398926 7 -3.0258710384368896
		endloop
	endfacet
	facet normal 0 -1 0
		outer loop
			vertex 1.8588926792144775 7 -3.5418241024017334
			vertex 1.8506907224655151 7 -4.644883632659912
			vertex 2.3420422077178955 7 -4.41756010055542
		endloop
	endfacet
	facet normal 0 -1 0
		outer loop
			vertex 1.8588926792144775 7 -3.5418241024017334
			vertex 2.3420422077178955 7 -4.41756010055542
			vertex 2.8059353828430176 7 -4.138444900512695
		endloop
	endfacet
	facet normal 0 -1 0
		outer loop
			vertex 1.8588926792144775 7 -3.5418241024017334
			vertex 2.8059353828430176 7 -4.138444900512695
			vertex 2.272258996963501 7 -3.291935443878174
		endloop
	endfacet
	facet normal 0 -1 0
		outer loop
			vertex 3.5418241024017334 7 -1.8588926792144775
			vertex 4.284286022186279 7 -2.5777692794799805
			vertex 4.537877082824707 7 -2.0994455814361572
		endloop
	endfacet
	facet normal 0 -1 0
		outer loop
			vertex 3.5418241024017334 7 -1.8588926792144775
			vertex 3.291935443878174 7 -2.272258996963501
			vertex 4.284286022186279 7 -2.5777692794799805
		endloop
	endfacet
	facet normal 0 -1 0
		outer loop
			vertex 1.418419599533081 7 -3.740064859390259
			vertex 1.337641716003418 7 -4.817749977111816
			vertex 1.8506907224655151 7 -4.644883632659912
		endloop
	endfacet
	facet normal 0 -1 0
		outer loop
			vertex 1.418419599533081 7 -3.740064859390259
			vertex 1.8506907224655151 7 -4.644883632659912
			vertex 1.8588926792144775 7 -3.5418241024017334
		endloop
	endfacet
	facet normal 0 -1 0
		outer loop
			vertex 3.740064859390259 7 -1.418419599533081
			vertex 4.537877082824707 7 -2.0994455814361572
			vertex 4.7382659912109375 7 -1.5965076684951782
		endloop
	endfacet
	facet normal 0 -1 0
		outer loop
			vertex 3.740064859390259 7 -1.418419599533081
			vertex 3.5418241024017334 7 -1.8588926792144775
			vertex 4.537877082824707 7 -2.0994455814361572
		endloop
	endfacet
	facet normal 0 -1 0
		outer loop
			vertex 0.9572626352310181 7 -3.8837673664093018
			vertex 0.8089100122451782 7 -4.9341325759887695
			vertex 1.337641716003418 7 -4.817749977111816
		endloop
	endfacet
	facet normal 0 -1 0
		outer loop
			vertex 0.9572626352310181 7 -3.8837673664093018
			vertex 1.337641716003418 7 -4.817749977111816
			vertex 1.418419599533081 7 -3.740064859390259
		endloop
	endfacet
	facet normal 0 -1 0
		outer loop
			vertex 3.8837673664093018 7 -0.9572626352310181
			vertex 4.7382659912109375 7 -1.5965076684951782
			vertex 4.883102893829346 7 -1.0748522281646729
		endloop
	endfacet
	facet normal 0 -1 0
		outer loop
			vertex 3.8837673664093018 7 -0.9572626352310181
			vertex 3.740064859390259 7 -1.418419599533081
			vertex 4.7382659912109375 7 -1.5965076684951782
		endloop
	endfacet
	facet normal 0 -1 0
		outer loop
			vertex 0.4821467101573944 7 -3.9708354473114014
			vertex 0.2706945538520813 7 -4.992667198181152
			vertex 0.8089100122451782 7 -4.9341325759887695
		endloop
	endfacet
	facet normal 0 -1 0
		outer loop
			vertex 0.4821467101573944 7 -3.9708354473114014
			vertex 0.8089100122451782 7 -4.9341325759887695
			vertex 0.9572626352310181 7 -3.8837673664093018
		endloop
	endfacet
	facet normal 0 -1 0
		outer loop
			vertex 3.9708354473114014 7 -0.4821467101573944
			vertex 4.883102893829346 7 -1.0748522281646729
			vertex 4.97068977355957 7 -0.5405951142311096
		endloop
	endfacet
	facet normal 0 -1 0
		outer loop
			vertex 3.9708354473114014 7 -0.4821467101573944
			vertex 3.8837673664093018 7 -0.9572626352310181
			vertex 4.883102893829346 7 -1.0748522281646729
		endloop
	endfacet
	facet normal 0 -1 0
		outer loop
			vertex 8.889457468470429e-15 7 -4
			vertex -0.2706945538520813 7 -4.992667198181152
			vertex 0.2706945538520813 7 -4.992667198181152
		endloop
	endfacet
	facet normal 0 -1 0
		outer loop
			vertex 8.889457468470429e-15 7 -4
			vertex 0.2706945538520813 7 -4.992667198181152
			vertex 0.4821467101573944 7 -3.9708354473114014
		endloop
	endfacet
	facet normal 0 -1 0
		outer loop
			vertex 4 7 0
			vertex 4.97068977355957 7 -0.5405951142311096
			vertex 5 7 0
		endloop
	endfacet
	facet normal 0 -1 0
		outer loop
			vertex 4 7 0
			vertex 5 7 0
			vertex 4.97068977355957 7 0.5405951142311096
		endloop
	endfacet
	facet normal 0 -1 0
		outer loop
			vertex 4 7 0
			vertex 3.9708354473114014 7 -0.4821467101573944
			vertex 4.97068977355957 7 -0.5405951142311096
		endloop
	endfacet
	facet normal 0 -1 0
		outer loop
			vertex -0.4821467101573944 7 -3.9708354473114014
			vertex -0.8089100122451782 7 -4.9341325759887695
			vertex -0.2706945538520813 7 -4.992667198181152
		endloop
	endfacet
	facet normal 0 -1 0
		outer loop
			vertex -0.4821467101573944 7 -3.9708354473114014
			vertex -0.2706945538520813 7 -4.992667198181152
			vertex 8.889457468470429e-15 7 -4
		endloop
	endfacet
	facet normal 0 -1 0
		outer loop
			vertex 3.9708354473114014 7 0.4821467101573944
			vertex 4.97068977355957 7 0.5405951142311096
			vertex 4.883102893829346 7 1.0748522281646729
		endloop
	endfacet
	facet normal 0 -1 0
		outer loop
			vertex 3.9708354473114014 7 0.4821467101573944
			vertex 4 7 0
			vertex 4.97068977355957 7 0.5405951142311096
		endloop
	endfacet
	facet normal 0 -1 0
		outer loop
			vertex 3.8837673664093018 7 0.9572626352310181
			vertex 4.883102893829346 7 1.0748522281646729
			vertex 4.7382659912109375 7 1.5965076684951782
		endloop
	endfacet
	facet normal 0 -1 0
		outer loop
			vertex 3.8837673664093018 7 0.9572626352310181
			vertex 3.9708354473114014 7 0.4821467101573944
			vertex 4.883102893829346 7 1.0748522281646729
		endloop
	endfacet
	facet normal 0 -1 0
		outer loop
			vertex -0.9572626352310181 7 -3.8837673664093018
			vertex -1.337641716003418 7 -4.817749977111816
			vertex -0.8089100122451782 7 -4.9341325759887695
		endloop
	endfacet
	facet normal 0 -1 0
		outer loop
			vertex -0.9572626352310181 7 -3.8837673664093018
			vertex -0.8089100122451782 7 -4.9341325759887695
			vertex -0.4821467101573944 7 -3.9708354473114014
		endloop
	endfacet
	facet normal 0 -1 0
		outer loop
			vertex 3.740064859390259 7 1.418419599533081
			vertex 3.8837673664093018 7 0.9572626352310181
			vertex 4.7382659912109375 7 1.5965076684951782
		endloop
	endfacet
	facet normal 0 -1 0
		outer loop
			vertex 3.740064859390259 7 1.418419599533081
			vertex 4.7382659912109375 7 1.5965076684951782
			vertex 4.537877082824707 7 2.0994455814361572
		endloop
	endfacet
	facet normal 0 -1 0
		outer loop
			vertex -1.418419599533081 7 -3.740064859390259
			vertex -1.8506907224655151 7 -4.644883632659912
			vertex -1.337641716003418 7 -4.817749977111816
		endloop
	endfacet
	facet normal 0 -1 0
		outer loop
			vertex -1.418419599533081 7 -3.740064859390259
			vertex -1.337641716003418 7 -4.817749977111816
			vertex -0.9572626352310181 7 -3.8837673664093018
		endloop
	endfacet
	facet normal 0 -1 0
		outer loop
			vertex 3.5418241024017334 7 1.8588926792144775
			vertex 4.537877082824707 7 2.0994455814361572
			vertex 4.284286022186279 7 2.5777692794799805
		endloop
	endfacet
	facet normal 0 -1 0
		outer loop
			vertex 3.5418241024017334 7 1.8588926792144775
			vertex 3.740064859390259 7 1.418419599533081
			vertex 4.537877082824707 7 2.0994455814361572
		endloop
	endfacet
	facet normal 0 -1 0
		outer loop
			vertex -1.8588926792144775 7 -3.5418241024017334
			vertex -2.3420422077178955 7 -4.41756010055542
			vertex -1.8506907224655151 7 -4.644883632659912
		endloop
	endfacet
	facet normal 0 -1 0
		outer loop
			vertex -1.8588926792144775 7 -3.5418241024017334
			vertex -1.8506907224655151 7 -4.644883632659912
			vertex -1.418419599533081 7 -3.740064859390259
		endloop
	endfacet
	facet normal 0 -1 0
		outer loop
			vertex -2.8059353828430176 7 -4.138444900512695
			vertex -2.3420422077178955 7 -4.41756010055542
			vertex -1.8588926792144775 7 -3.5418241024017334
		endloop
	endfacet
	facet normal 0 -1 0
		outer loop
			vertex 3.291935443878174 7 2.272258996963501
			vertex 3.5418241024017334 7 1.8588926792144775
			vertex 4.284286022186279 7 2.5777692794799805
		endloop
	endfacet
	facet normal 0 -1 0
		outer loop
			vertex -2.272258996963501 7 -3.291935443878174
			vertex -2.8059353828430176 7 -4.138444900512695
			vertex -1.8588926792144775 7 -3.5418241024017334
		endloop
	endfacet
	facet normal 0 -1 0
		outer loop
			vertex 3.9804654121398926 7 3.0258710384368896
			vertex 3.291935443878174 7 2.272258996963501
			vertex 4.284286022186279 7 2.5777692794799805
		endloop
	endfacet
	facet normal 0 -1 0
		outer loop
			vertex -3.236931324005127 7 -3.8108103275299072
			vertex -2.8059353828430176 7 -4.138444900512695
			vertex -2.272258996963501 7 -3.291935443878174
		endloop
	endfacet
	facet normal 0 -1 0
		outer loop
			vertex 2.9940431118011475 7 2.6524906158447266
			vertex 3.291935443878174 7 2.272258996963501
			vertex 3.9804654121398926 7 3.0258710384368896
		endloop
	endfacet
	facet normal 0 -1 0
		outer loop
			vertex -2.6524906158447266 7 -2.9940431118011475
			vertex -3.236931324005127 7 -3.8108103275299072
			vertex -2.272258996963501 7 -3.291935443878174
		endloop
	endfacet
	facet normal 0 -1 0
		outer loop
			vertex 3.6299774646759033 7 3.438497304916382
			vertex 2.9940431118011475 7 2.6524906158447266
			vertex 3.9804654121398926 7 3.0258710384368896
		endloop
	endfacet
	facet normal 0 -1 0
		outer loop
			vertex -3.6299774646759033 7 -3.438497304916382
			vertex -3.236931324005127 7 -3.8108103275299072
			vertex -2.6524906158447266 7 -2.9940431118011475
		endloop
	endfacet
	facet normal 0 -1 0
		outer loop
			vertex 2.6524906158447266 7 2.9940431118011475
			vertex 2.9940431118011475 7 2.6524906158447266
			vertex 3.6299774646759033 7 3.438497304916382
		endloop
	endfacet
	facet normal 0 -1 0
		outer loop
			vertex -2.9940431118011475 7 -2.6524906158447266
			vertex -3.6299774646759033 7 -3.438497304916382
			vertex -2.6524906158447266 7 -2.9940431118011475
		endloop
	endfacet
	facet normal 0 -1 0
		outer loop
			vertex 3.236931324005127 7 3.8108103275299072
			vertex 2.6524906158447266 7 2.9940431118011475
			vertex 3.6299774646759033 7 3.438497304916382
		endloop
	endfacet
	facet normal 0 -1 0
		outer loop
			vertex -3.9804654121398926 7 -3.0258710384368896
			vertex -3.6299774646759033 7 -3.438497304916382
			vertex -2.9940431118011475 7 -2.6524906158447266
		endloop
	endfacet
	facet normal 0 -1 0
		outer loop
			vertex 2.272258996963501 7 3.291935443878174
			vertex 2.6524906158447266 7 2.9940431118011475
			vertex 3.236931324005127 7 3.8108103275299072
		endloop
	endfacet
	facet normal 0 -1 0
		outer loop
			vertex -3.291935443878174 7 -2.272258996963501
			vertex -3.9804654121398926 7 -3.0258710384368896
			vertex -2.9940431118011475 7 -2.6524906158447266
		endloop
	endfacet
	facet normal 0 -1 0
		outer loop
			vertex 2.8059353828430176 7 4.138444900512695
			vertex 2.272258996963501 7 3.291935443878174
			vertex 3.236931324005127 7 3.8108103275299072
		endloop
	endfacet
	facet normal 0 -1 0
		outer loop
			vertex 1.8588926792144775 7 3.5418241024017334
			vertex 2.272258996963501 7 3.291935443878174
			vertex 2.8059353828430176 7 4.138444900512695
		endloop
	endfacet
	facet normal 0 -1 0
		outer loop
			vertex -4.284286022186279 7 -2.5777692794799805
			vertex -3.9804654121398926 7 -3.0258710384368896
			vertex -3.291935443878174 7 -2.272258996963501
		endloop
	endfacet
	facet normal 0 -1 0
		outer loop
			vertex -4.284286022186279 7 -2.5777692794799805
			vertex -3.291935443878174 7 -2.272258996963501
			vertex -3.5418241024017334 7 -1.8588926792144775
		endloop
	endfacet
	facet normal 0 -1 0
		outer loop
			vertex 2.3420422077178955 7 4.41756010055542
			vertex 1.8588926792144775 7 3.5418241024017334
			vertex 2.8059353828430176 7 4.138444900512695
		endloop
	endfacet
	facet normal 0 -1 0
		outer loop
			vertex -4.537877082824707 7 -2.0994455814361572
			vertex -4.284286022186279 7 -2.5777692794799805
			vertex -3.5418241024017334 7 -1.8588926792144775
		endloop
	endfacet
	facet normal 0 -1 0
		outer loop
			vertex -4.537877082824707 7 -2.0994455814361572
			vertex -3.5418241024017334 7 -1.8588926792144775
			vertex -3.740064859390259 7 -1.418419599533081
		endloop
	endfacet
	facet normal 0 -1 0
		outer loop
			vertex 1.8506907224655151 7 4.644883632659912
			vertex 1.8588926792144775 7 3.5418241024017334
			vertex 2.3420422077178955 7 4.41756010055542
		endloop
	endfacet
	facet normal 0 -1 0
		outer loop
			vertex 1.8506907224655151 7 4.644883632659912
			vertex 1.418419599533081 7 3.740064859390259
			vertex 1.8588926792144775 7 3.5418241024017334
		endloop
	endfacet
	facet normal 0 -1 0
		outer loop
			vertex -4.7382659912109375 7 -1.5965076684951782
			vertex -4.537877082824707 7 -2.0994455814361572
			vertex -3.740064859390259 7 -1.418419599533081
		endloop
	endfacet
	facet normal 0 -1 0
		outer loop
			vertex -4.7382659912109375 7 -1.5965076684951782
			vertex -3.740064859390259 7 -1.418419599533081
			vertex -3.8837673664093018 7 -0.9572626352310181
		endloop
	endfacet
	facet normal 0 -1 0
		outer loop
			vertex 1.337641716003418 7 4.817749977111816
			vertex 1.418419599533081 7 3.740064859390259
			vertex 1.8506907224655151 7 4.644883632659912
		endloop
	endfacet
	facet normal 0 -1 0
		outer loop
			vertex 1.337641716003418 7 4.817749977111816
			vertex 0.9572626352310181 7 3.8837673664093018
			vertex 1.418419599533081 7 3.740064859390259
		endloop
	endfacet
	facet normal 0 -1 0
		outer loop
			vertex -4.883102893829346 7 -1.0748522281646729
			vertex -4.7382659912109375 7 -1.5965076684951782
			vertex -3.8837673664093018 7 -0.9572626352310181
		endloop
	endfacet
	facet normal 0 -1 0
		outer loop
			vertex -4.883102893829346 7 -1.0748522281646729
			vertex -3.8837673664093018 7 -0.9572626352310181
			vertex -3.9708354473114014 7 -0.4821467101573944
		endloop
	endfacet
	facet normal 0 -1 0
		outer loop
			vertex 0.8089100122451782 7 4.9341325759887695
			vertex 0.9572626352310181 7 3.8837673664093018
			vertex 1.337641716003418 7 4.817749977111816
		endloop
	endfacet
	facet normal 0 -1 0
		outer loop
			vertex 0.8089100122451782 7 4.9341325759887695
			vertex 0.4821467101573944 7 3.9708354473114014
			vertex 0.9572626352310181 7 3.8837673664093018
		endloop
	endfacet
	facet normal 0 -1 0
		outer loop
			vertex -4.97068977355957 7 -0.5405951142311096
			vertex -3.9708354473114014 7 -0.4821467101573944
			vertex -4 7 4.898587410340671e-16
		endloop
	endfacet
	facet normal 0 -1 0
		outer loop
			vertex -4.97068977355957 7 -0.5405951142311096
			vertex -4.883102893829346 7 -1.0748522281646729
			vertex -3.9708354473114014 7 -0.4821467101573944
		endloop
	endfacet
	facet normal 0 -1 0
		outer loop
			vertex 0.2706945538520813 7 4.992667198181152
			vertex 0.4821467101573944 7 3.9708354473114014
			vertex 0.8089100122451782 7 4.9341325759887695
		endloop
	endfacet
	facet normal 0 -1 0
		outer loop
			vertex 0.2706945538520813 7 4.992667198181152
			vertex 8.092818746413023e-15 7 4
			vertex 0.4821467101573944 7 3.9708354473114014
		endloop
	endfacet
	facet normal 0 -1 0
		outer loop
			vertex -5 7 6.123233998228043e-16
			vertex -4.97068977355957 7 -0.5405951142311096
			vertex -4 7 4.898587410340671e-16
		endloop
	endfacet
	facet normal 0 -1 0
		outer loop
			vertex -0.2706945538520813 7 4.992667198181152
			vertex 8.092818746413023e-15 7 4
			vertex 0.2706945538520813 7 4.992667198181152
		endloop
	endfacet
	facet normal 0 -1 0
		outer loop
			vertex -0.2706945538520813 7 4.992667198181152
			vertex -0.4821467101573944 7 3.9708354473114014
			vertex 8.092818746413023e-15 7 4
		endloop
	endfacet
	facet normal 0 -1 0
		outer loop
			vertex -4.97068977355957 7 0.5405951142311096
			vertex -4 7 4.898587410340671e-16
			vertex -3.9708354473114014 7 0.4821467101573944
		endloop
	endfacet
	facet normal 0 -1 0
		outer loop
			vertex -4.97068977355957 7 0.5405951142311096
			vertex -5 7 6.123233998228043e-16
			vertex -4 7 4.898587410340671e-16
		endloop
	endfacet
	facet normal 0 -1 0
		outer loop
			vertex -0.8089100122451782 7 4.9341325759887695
			vertex -0.4821467101573944 7 3.9708354473114014
			vertex -0.2706945538520813 7 4.992667198181152
		endloop
	endfacet
	facet normal 0 -1 0
		outer loop
			vertex -0.8089100122451782 7 4.9341325759887695
			vertex -0.9572626352310181 7 3.8837673664093018
			vertex -0.4821467101573944 7 3.9708354473114014
		endloop
	endfacet
	facet normal 0 -1 0
		outer loop
			vertex -4.883102893829346 7 1.0748522281646729
			vertex -3.9708354473114014 7 0.4821467101573944
			vertex -3.8837673664093018 7 0.9572626352310181
		endloop
	endfacet
	facet normal 0 -1 0
		outer loop
			vertex -4.883102893829346 7 1.0748522281646729
			vertex -4.97068977355957 7 0.5405951142311096
			vertex -3.9708354473114014 7 0.4821467101573944
		endloop
	endfacet
	facet normal 0 -1 0
		outer loop
			vertex -1.337641716003418 7 4.817749977111816
			vertex -0.9572626352310181 7 3.8837673664093018
			vertex -0.8089100122451782 7 4.9341325759887695
		endloop
	endfacet
	facet normal 0 -1 0
		outer loop
			vertex -1.337641716003418 7 4.817749977111816
			vertex -1.418419599533081 7 3.740064859390259
			vertex -0.9572626352310181 7 3.8837673664093018
		endloop
	endfacet
	facet normal 0 -1 0
		outer loop
			vertex -4.7382659912109375 7 1.5965076684951782
			vertex -3.8837673664093018 7 0.9572626352310181
			vertex -3.740064859390259 7 1.418419599533081
		endloop
	endfacet
	facet normal 0 -1 0
		outer loop
			vertex -4.7382659912109375 7 1.5965076684951782
			vertex -4.883102893829346 7 1.0748522281646729
			vertex -3.8837673664093018 7 0.9572626352310181
		endloop
	endfacet
	facet normal 0 -1 0
		outer loop
			vertex -1.8506907224655151 7 4.644883632659912
			vertex -1.8588926792144775 7 3.5418241024017334
			vertex -1.418419599533081 7 3.740064859390259
		endloop
	endfacet
	facet normal 0 -1 0
		outer loop
			vertex -1.8506907224655151 7 4.644883632659912
			vertex -1.418419599533081 7 3.740064859390259
			vertex -1.337641716003418 7 4.817749977111816
		endloop
	endfacet
	facet normal 0 -1 0
		outer loop
			vertex -4.537877082824707 7 2.0994455814361572
			vertex -3.740064859390259 7 1.418419599533081
			vertex -3.5418241024017334 7 1.8588926792144775
		endloop
	endfacet
	facet normal 0 -1 0
		outer loop
			vertex -4.537877082824707 7 2.0994455814361572
			vertex -4.7382659912109375 7 1.5965076684951782
			vertex -3.740064859390259 7 1.418419599533081
		endloop
	endfacet
	facet normal 0 -1 0
		outer loop
			vertex -2.3420422077178955 7 4.41756010055542
			vertex -1.8588926792144775 7 3.5418241024017334
			vertex -1.8506907224655151 7 4.644883632659912
		endloop
	endfacet
	facet normal 0 -1 0
		outer loop
			vertex -4.284286022186279 7 2.5777692794799805
			vertex -3.5418241024017334 7 1.8588926792144775
			vertex -3.291935443878174 7 2.272258996963501
		endloop
	endfacet
	facet normal 0 -1 0
		outer loop
			vertex -4.284286022186279 7 2.5777692794799805
			vertex -4.537877082824707 7 2.0994455814361572
			vertex -3.5418241024017334 7 1.8588926792144775
		endloop
	endfacet
	facet normal 0 -1 0
		outer loop
			vertex -2.8059353828430176 7 4.138444900512695
			vertex -2.272258996963501 7 3.291935443878174
			vertex -1.8588926792144775 7 3.5418241024017334
		endloop
	endfacet
	facet normal 0 -1 0
		outer loop
			vertex -2.8059353828430176 7 4.138444900512695
			vertex -1.8588926792144775 7 3.5418241024017334
			vertex -2.3420422077178955 7 4.41756010055542
		endloop
	endfacet
	facet normal 0 -1 0
		outer loop
			vertex -3.9804654121398926 7 3.0258710384368896
			vertex -4.284286022186279 7 2.5777692794799805
			vertex -3.291935443878174 7 2.272258996963501
		endloop
	endfacet
	facet normal 0 -1 0
		outer loop
			vertex -3.9804654121398926 7 3.0258710384368896
			vertex -3.291935443878174 7 2.272258996963501
			vertex -2.9940431118011475 7 2.6524906158447266
		endloop
	endfacet
	facet normal 0 -1 0
		outer loop
			vertex -3.236931324005127 7 3.8108103275299072
			vertex -2.6524906158447266 7 2.9940431118011475
			vertex -2.272258996963501 7 3.291935443878174
		endloop
	endfacet
	facet normal 0 -1 0
		outer loop
			vertex -3.236931324005127 7 3.8108103275299072
			vertex -2.272258996963501 7 3.291935443878174
			vertex -2.8059353828430176 7 4.138444900512695
		endloop
	endfacet
	facet normal 0 -1 0
		outer loop
			vertex -3.6299774646759033 7 3.438497304916382
			vertex -2.9940431118011475 7 2.6524906158447266
			vertex -2.6524906158447266 7 2.9940431118011475
		endloop
	endfacet
	facet normal 0 -1 0
		outer loop
			vertex -3.6299774646759033 7 3.438497304916382
			vertex -2.6524906158447266 7 2.9940431118011475
			vertex -3.236931324005127 7 3.8108103275299072
		endloop
	endfacet
	facet normal 0 -1 0
		outer loop
			vertex -3.6299774646759033 7 3.438497304916382
			vertex -3.9804654121398926 7 3.0258710384368896
			vertex -2.9940431118011475 7 2.6524906158447266
		endloop
	endfacet
	facet normal -0.9985334127514007 0 -0.054138928868614475
		outer loop
			vertex -4.97068977355957 7 -0.5405951142311096
			vertex -5 7 6.123233998228043e-16
			vertex -5 9.399999618530273 6.123233998228043e-16
		endloop
	endfacet
	facet normal -0.9985334127514007 0 -0.054138928868614475
		outer loop
			vertex -4.97068977355957 7 -0.5405951142311096
			vertex -5 9.399999618530273 6.123233998228043e-16
			vertex -4.97068977355957 9.399999618530273 -0.5405951142311096
		endloop
	endfacet
	facet normal -0.9868265603791245 0 -0.16178176575345682
		outer loop
			vertex -4.883102893829346 7 -1.0748522281646729
			vertex -4.97068977355957 9.399999618530273 -0.5405951142311096
			vertex -4.883102893829346 9.399999618530273 -1.0748522281646729
		endloop
	endfacet
	facet normal -0.9635500008218978 0 -0.2675283086256875
		outer loop
			vertex -4.883102893829346 7 -1.0748522281646729
			vertex -4.883102893829346 9.399999618530273 -1.0748522281646729
			vertex -4.7382659912109375 9.399999618530273 -1.5965076684951782
		endloop
	endfacet
	facet normal -0.9868265603791245 0 -0.16178176575345682
		outer loop
			vertex -4.883102893829346 7 -1.0748522281646729
			vertex -4.97068977355957 7 -0.5405951142311096
			vertex -4.97068977355957 9.399999618530273 -0.5405951142311096
		endloop
	endfacet
	facet normal -0.9635500008218978 0 -0.2675283086256875
		outer loop
			vertex -4.7382659912109375 7 -1.5965076684951782
			vertex -4.883102893829346 7 -1.0748522281646729
			vertex -4.7382659912109375 9.399999618530273 -1.5965076684951782
		endloop
	endfacet
	facet normal -0.9289766381483133 0 -0.3701383603122731
		outer loop
			vertex -4.537877082824707 7 -2.0994455814361572
			vertex -4.7382659912109375 9.399999618530273 -1.5965076684951782
			vertex -4.537877082824707 9.399999618530273 -2.0994455814361572
		endloop
	endfacet
	facet normal -0.9289766381483133 0 -0.3701383603122731
		outer loop
			vertex -4.537877082824707 7 -2.0994455814361572
			vertex -4.7382659912109375 7 -1.5965076684951782
			vertex -4.7382659912109375 9.399999618530273 -1.5965076684951782
		endloop
	endfacet
	facet normal -0.8835121319283672 0 -0.46840827569054705
		outer loop
			vertex -4.284286022186279 7 -2.5777692794799805
			vertex -4.537877082824707 9.399999618530273 -2.0994455814361572
			vertex -4.284286022186279 9.399999618530273 -2.5777692794799805
		endloop
	endfacet
	facet normal -0.8276889305145899 0 -0.5611871651272989
		outer loop
			vertex -4.284286022186279 7 -2.5777692794799805
			vertex -4.284286022186279 9.399999618530273 -2.5777692794799805
			vertex -3.9804654121398926 9.399999618530273 -3.0258710384368896
		endloop
	endfacet
	facet normal -0.8835121319283672 0 -0.46840827569054705
		outer loop
			vertex -4.284286022186279 7 -2.5777692794799805
			vertex -4.537877082824707 7 -2.0994455814361572
			vertex -4.537877082824707 9.399999618530273 -2.0994455814361572
		endloop
	endfacet
	facet normal -0.8276889305145899 0 -0.5611871651272989
		outer loop
			vertex -3.9804654121398926 7 -3.0258710384368896
			vertex -4.284286022186279 7 -2.5777692794799805
			vertex -3.9804654121398926 9.399999618530273 -3.0258710384368896
		endloop
	endfacet
	facet normal -0.7621620208359644 0 -0.6473863251531028
		outer loop
			vertex -3.6299774646759033 7 -3.438497304916382
			vertex -3.9804654121398926 9.399999618530273 -3.0258710384368896
			vertex -3.6299774646759033 9.399999618530273 -3.438497304916382
		endloop
	endfacet
	facet normal -0.7621620208359644 0 -0.6473863251531028
		outer loop
			vertex -3.6299774646759033 7 -3.438497304916382
			vertex -3.9804654121398926 7 -3.0258710384368896
			vertex -3.9804654121398926 9.399999618530273 -3.0258710384368896
		endloop
	endfacet
	facet normal -0.6876994022074437 0 -0.7259955455810488
		outer loop
			vertex -3.236931324005127 7 -3.8108103275299072
			vertex -3.6299774646759033 9.399999618530273 -3.438497304916382
			vertex -3.236931324005127 9.399999618530273 -3.8108103275299072
		endloop
	endfacet
	facet normal -0.6876994022074437 0 -0.7259955455810488
		outer loop
			vertex -3.236931324005127 7 -3.8108103275299072
			vertex -3.6299774646759033 7 -3.438497304916382
			vertex -3.6299774646759033 9.399999618530273 -3.438497304916382
		endloop
	endfacet
	facet normal -0.6051741875380785 0 -0.7960930867289495
		outer loop
			vertex -2.8059353828430176 7 -4.138444900512695
			vertex -3.236931324005127 9.399999618530273 -3.8108103275299072
			vertex -2.8059353828430176 9.399999618530273 -4.138444900512695
		endloop
	endfacet
	facet normal -0.6051741875380785 0 -0.7960930867289495
		outer loop
			vertex -2.8059353828430176 7 -4.138444900512695
			vertex -3.236931324005127 7 -3.8108103275299072
			vertex -3.236931324005127 9.399999618530273 -3.8108103275299072
		endloop
	endfacet
	facet normal -0.5155537723129132 0 -0.8568572272286235
		outer loop
			vertex -2.3420422077178955 7 -4.41756010055542
			vertex -2.8059353828430176 7 -4.138444900512695
			vertex -2.8059353828430176 9.399999618530273 -4.138444900512695
		endloop
	endfacet
	facet normal -0.5155537723129132 0 -0.8568572272286235
		outer loop
			vertex -2.3420422077178955 7 -4.41756010055542
			vertex -2.8059353828430176 9.399999618530273 -4.138444900512695
			vertex -2.3420422077178955 9.399999618530273 -4.41756010055542
		endloop
	endfacet
	facet normal -0.41988929662060115 0 -0.9075753294264103
		outer loop
			vertex -1.8506907224655151 7 -4.644883632659912
			vertex -2.3420422077178955 7 -4.41756010055542
			vertex -2.3420422077178955 9.399999618530273 -4.41756010055542
		endloop
	endfacet
	facet normal -0.41988929662060115 0 -0.9075753294264103
		outer loop
			vertex -1.8506907224655151 7 -4.644883632659912
			vertex -2.3420422077178955 9.399999618530273 -4.41756010055542
			vertex -1.8506907224655151 9.399999618530273 -4.644883632659912
		endloop
	endfacet
	facet normal -0.31930154188567184 0 -0.9476531672238703
		outer loop
			vertex -1.337641716003418 7 -4.817749977111816
			vertex -1.8506907224655151 9.399999618530273 -4.644883632659912
			vertex -1.337641716003418 9.399999618530273 -4.817749977111816
		endloop
	endfacet
	facet normal -0.31930154188567184 0 -0.9476531672238703
		outer loop
			vertex -1.337641716003418 7 -4.817749977111816
			vertex -1.8506907224655151 7 -4.644883632659912
			vertex -1.8506907224655151 9.399999618530273 -4.644883632659912
		endloop
	endfacet
	facet normal -0.21497035232378994 0 -0.9766205750555257
		outer loop
			vertex -0.8089100122451782 7 -4.9341325759887695
			vertex -1.337641716003418 9.399999618530273 -4.817749977111816
			vertex -0.8089100122451782 9.399999618530273 -4.9341325759887695
		endloop
	endfacet
	facet normal -0.21497035232378994 0 -0.9766205750555257
		outer loop
			vertex -0.8089100122451782 7 -4.9341325759887695
			vertex -1.337641716003418 7 -4.817749977111816
			vertex -1.337641716003418 9.399999618530273 -4.817749977111816
		endloop
	endfacet
	facet normal -0.10811931712503033 0 -0.9941379246686133
		outer loop
			vertex -0.2706945538520813 7 -4.992667198181152
			vertex -0.8089100122451782 9.399999618530273 -4.9341325759887695
			vertex -0.2706945538520813 9.399999618530273 -4.992667198181152
		endloop
	endfacet
	facet normal -0.10811931712503033 0 -0.9941379246686133
		outer loop
			vertex -0.2706945538520813 7 -4.992667198181152
			vertex -0.8089100122451782 7 -4.9341325759887695
			vertex -0.8089100122451782 9.399999618530273 -4.9341325759887695
		endloop
	endfacet
	facet normal 0 0 -1
		outer loop
			vertex 0.2706945538520813 7 -4.992667198181152
			vertex -0.2706945538520813 9.399999618530273 -4.992667198181152
			vertex 0.2706945538520813 9.399999618530273 -4.992667198181152
		endloop
	endfacet
	facet normal 0 0 -1
		outer loop
			vertex 0.2706945538520813 7 -4.992667198181152
			vertex -0.2706945538520813 7 -4.992667198181152
			vertex -0.2706945538520813 9.399999618530273 -4.992667198181152
		endloop
	endfacet
	facet normal 0.10811931712503033 0 -0.9941379246686133
		outer loop
			vertex 0.8089100122451782 7 -4.9341325759887695
			vertex 0.2706945538520813 9.399999618530273 -4.992667198181152
			vertex 0.8089100122451782 9.399999618530273 -4.9341325759887695
		endloop
	endfacet
	facet normal 0.21497035232378994 0 -0.9766205750555257
		outer loop
			vertex 0.8089100122451782 7 -4.9341325759887695
			vertex 0.8089100122451782 9.399999618530273 -4.9341325759887695
			vertex 1.337641716003418 9.399999618530273 -4.817749977111816
		endloop
	endfacet
	facet normal 0.10811931712503033 0 -0.9941379246686133
		outer loop
			vertex 0.8089100122451782 7 -4.9341325759887695
			vertex 0.2706945538520813 7 -4.992667198181152
			vertex 0.2706945538520813 9.399999618530273 -4.992667198181152
		endloop
	endfacet
	facet normal 0.21497035232378994 0 -0.9766205750555257
		outer loop
			vertex 1.337641716003418 7 -4.817749977111816
			vertex 0.8089100122451782 7 -4.9341325759887695
			vertex 1.337641716003418 9.399999618530273 -4.817749977111816
		endloop
	endfacet
	facet normal 0.31930154188567184 0 -0.9476531672238703
		outer loop
			vertex 1.8506907224655151 7 -4.644883632659912
			vertex 1.337641716003418 9.399999618530273 -4.817749977111816
			vertex 1.8506907224655151 9.399999618530273 -4.644883632659912
		endloop
	endfacet
	facet normal 0.31930154188567184 0 -0.9476531672238703
		outer loop
			vertex 1.8506907224655151 7 -4.644883632659912
			vertex 1.337641716003418 7 -4.817749977111816
			vertex 1.337641716003418 9.399999618530273 -4.817749977111816
		endloop
	endfacet
	facet normal 0.41988929662060115 0 -0.9075753294264103
		outer loop
			vertex 2.3420422077178955 7 -4.41756010055542
			vertex 1.8506907224655151 9.399999618530273 -4.644883632659912
			vertex 2.3420422077178955 9.399999618530273 -4.41756010055542
		endloop
	endfacet
	facet normal 0.5155537723129132 0 -0.8568572272286235
		outer loop
			vertex 2.3420422077178955 7 -4.41756010055542
			vertex 2.3420422077178955 9.399999618530273 -4.41756010055542
			vertex 2.8059353828430176 9.399999618530273 -4.138444900512695
		endloop
	endfacet
	facet normal 0.41988929662060115 0 -0.9075753294264103
		outer loop
			vertex 2.3420422077178955 7 -4.41756010055542
			vertex 1.8506907224655151 7 -4.644883632659912
			vertex 1.8506907224655151 9.399999618530273 -4.644883632659912
		endloop
	endfacet
	facet normal 0.5155537723129132 0 -0.8568572272286235
		outer loop
			vertex 2.8059353828430176 7 -4.138444900512695
			vertex 2.3420422077178955 7 -4.41756010055542
			vertex 2.8059353828430176 9.399999618530273 -4.138444900512695
		endloop
	endfacet
	facet normal 0.6051741875380785 0 -0.7960930867289495
		outer loop
			vertex 3.236931324005127 7 -3.8108103275299072
			vertex 2.8059353828430176 9.399999618530273 -4.138444900512695
			vertex 3.236931324005127 9.399999618530273 -3.8108103275299072
		endloop
	endfacet
	facet normal 0.6051741875380785 0 -0.7960930867289495
		outer loop
			vertex 3.236931324005127 7 -3.8108103275299072
			vertex 2.8059353828430176 7 -4.138444900512695
			vertex 2.8059353828430176 9.399999618530273 -4.138444900512695
		endloop
	endfacet
	facet normal 0.6876994022074437 0 -0.7259955455810488
		outer loop
			vertex 3.6299774646759033 7 -3.438497304916382
			vertex 3.236931324005127 9.399999618530273 -3.8108103275299072
			vertex 3.6299774646759033 9.399999618530273 -3.438497304916382
		endloop
	endfacet
	facet normal 0.6876994022074437 0 -0.7259955455810488
		outer loop
			vertex 3.6299774646759033 7 -3.438497304916382
			vertex 3.236931324005127 7 -3.8108103275299072
			vertex 3.236931324005127 9.399999618530273 -3.8108103275299072
		endloop
	endfacet
	facet normal 0.7621620208359644 0 -0.6473863251531028
		outer loop
			vertex 3.9804654121398926 7 -3.0258710384368896
			vertex 3.6299774646759033 9.399999618530273 -3.438497304916382
			vertex 3.9804654121398926 9.399999618530273 -3.0258710384368896
		endloop
	endfacet
	facet normal 0.7621620208359644 0 -0.6473863251531028
		outer loop
			vertex 3.9804654121398926 7 -3.0258710384368896
			vertex 3.6299774646759033 7 -3.438497304916382
			vertex 3.6299774646759033 9.399999618530273 -3.438497304916382
		endloop
	endfacet
	facet normal 0.8276889305145899 0 -0.5611871651272989
		outer loop
			vertex 4.284286022186279 7 -2.5777692794799805
			vertex 3.9804654121398926 9.399999618530273 -3.0258710384368896
			vertex 4.284286022186279 9.399999618530273 -2.5777692794799805
		endloop
	endfacet
	facet normal 0.8276889305145899 0 -0.5611871651272989
		outer loop
			vertex 4.284286022186279 7 -2.5777692794799805
			vertex 3.9804654121398926 7 -3.0258710384368896
			vertex 3.9804654121398926 9.399999618530273 -3.0258710384368896
		endloop
	endfacet
	facet normal 0.8835121319283672 0 -0.46840827569054705
		outer loop
			vertex 4.537877082824707 7 -2.0994455814361572
			vertex 4.284286022186279 9.399999618530273 -2.5777692794799805
			vertex 4.537877082824707 9.399999618530273 -2.0994455814361572
		endloop
	endfacet
	facet normal 0.9289766381483133 0 -0.3701383603122731
		outer loop
			vertex 4.537877082824707 7 -2.0994455814361572
			vertex 4.537877082824707 9.399999618530273 -2.0994455814361572
			vertex 4.7382659912109375 9.399999618530273 -1.5965076684951782
		endloop
	endfacet
	facet normal 0.8835121319283672 0 -0.46840827569054705
		outer loop
			vertex 4.537877082824707 7 -2.0994455814361572
			vertex 4.284286022186279 7 -2.5777692794799805
			vertex 4.284286022186279 9.399999618530273 -2.5777692794799805
		endloop
	endfacet
	facet normal 0.9289766381483133 0 -0.3701383603122731
		outer loop
			vertex 4.7382659912109375 7 -1.5965076684951782
			vertex 4.537877082824707 7 -2.0994455814361572
			vertex 4.7382659912109375 9.399999618530273 -1.5965076684951782
		endloop
	endfacet
	facet normal 0.9635500008218978 0 -0.2675283086256875
		outer loop
			vertex 4.883102893829346 7 -1.0748522281646729
			vertex 4.7382659912109375 9.399999618530273 -1.5965076684951782
			vertex 4.883102893829346 9.399999618530273 -1.0748522281646729
		endloop
	endfacet
	facet normal 0.9635500008218978 0 -0.2675283086256875
		outer loop
			vertex 4.883102893829346 7 -1.0748522281646729
			vertex 4.7382659912109375 7 -1.5965076684951782
			vertex 4.7382659912109375 9.399999618530273 -1.5965076684951782
		endloop
	endfacet
	facet normal 0.9868265603791245 0 -0.16178176575345682
		outer loop
			vertex 4.97068977355957 7 -0.5405951142311096
			vertex 4.883102893829346 9.399999618530273 -1.0748522281646729
			vertex 4.97068977355957 9.399999618530273 -0.5405951142311096
		endloop
	endfacet
	facet normal 0.9868265603791245 0 -0.16178176575345682
		outer loop
			vertex 4.97068977355957 7 -0.5405951142311096
			vertex 4.883102893829346 7 -1.0748522281646729
			vertex 4.883102893829346 9.399999618530273 -1.0748522281646729
		endloop
	endfacet
	facet normal 0.9985334127514008 0 -0.05413892886861455
		outer loop
			vertex 5 7 0
			vertex 4.97068977355957 9.399999618530273 -0.5405951142311096
			vertex 5 9.399999618530273 0
		endloop
	endfacet
	facet normal 0.9985334127514008 0 -0.05413892886861455
		outer loop
			vertex 5 7 0
			vertex 4.97068977355957 7 -0.5405951142311096
			vertex 4.97068977355957 9.399999618530273 -0.5405951142311096
		endloop
	endfacet
	facet normal -0.7065876935361527 0.7065876935361527 -0.03831008596335874
		outer loop
			vertex -4.97068977355957 9.399999618530273 -0.5405951142311096
			vertex -5 9.399999618530273 6.123233998228043e-16
			vertex -4.699999809265137 9.699999809265137 5.939536904165819e-16
		endloop
	endfacet
	facet normal -0.7053179108461981 0.7077836705198032 -0.039609599658028925
		outer loop
			vertex -4.97068977355957 9.399999618530273 -0.5405951142311096
			vertex -4.699999809265137 9.699999809265137 5.939536904165819e-16
			vertex -4.67044734954834 9.699999809265137 -0.5262330174446106
		endloop
	endfacet
	facet normal -0.6953197261800415 0.7089241540720552 -0.11813984153592334
		outer loop
			vertex -4.883102893829346 9.399999618530273 -1.0748522281646729
			vertex -4.67044734954834 9.699999809265137 -0.5262330174446106
			vertex -4.582160949707031 9.699999809265137 -1.0458483695983887
		endloop
	endfacet
	facet normal -0.6994095491498618 0.7054635785964118 -0.11466220751377276
		outer loop
			vertex -4.883102893829346 9.399999618530273 -1.0748522281646729
			vertex -4.97068977355957 9.399999618530273 -0.5405951142311096
			vertex -4.67044734954834 9.699999809265137 -0.5262330174446106
		endloop
	endfacet
	facet normal -0.6767072576726691 0.709971518603976 -0.19495571339229886
		outer loop
			vertex -4.7382659912109375 9.399999618530273 -1.5965076684951782
			vertex -4.582160949707031 9.699999809265137 -1.0458483695983887
			vertex -4.436251640319824 9.699999809265137 -1.5523115396499634
		endloop
	endfacet
	facet normal -0.683913283398817 0.7044184361834913 -0.1898875655630303
		outer loop
			vertex -4.7382659912109375 9.399999618530273 -1.5965076684951782
			vertex -4.883102893829346 9.399999618530273 -1.0748522281646729
			vertex -4.582160949707031 9.699999809265137 -1.0458483695983887
		endloop
	endfacet
	facet normal -0.6497325330463044 0.7109274445839208 -0.26912785816152396
		outer loop
			vertex -4.537877082824707 9.399999618530273 -2.0994455814361572
			vertex -4.436251640319824 9.699999809265137 -1.5523115396499634
			vertex -4.234553813934326 9.699999809265137 -2.0392534732818604
		endloop
	endfacet
	facet normal -0.6602632548843669 0.7034521884350703 -0.2630730940925199
		outer loop
			vertex -4.537877082824707 9.399999618530273 -2.0994455814361572
			vertex -4.7382659912109375 9.399999618530273 -1.5965076684951782
			vertex -4.436251640319824 9.699999809265137 -1.5523115396499634
		endloop
	endfacet
	facet normal -0.6147470633371488 0.7117935298289413 -0.33975876590900145
		outer loop
			vertex -4.284286022186279 9.399999618530273 -2.5777692794799805
			vertex -4.234553813934326 9.699999809265137 -2.0392534732818604
			vertex -3.9796037673950195 9.699999809265137 -2.5005507469177246
		endloop
	endfacet
	facet normal -0.6287232177663107 0.7025665027888254 -0.3333278035217824
		outer loop
			vertex -4.284286022186279 9.399999618530273 -2.5777692794799805
			vertex -4.537877082824707 9.399999618530273 -2.0994455814361572
			vertex -4.234553813934326 9.699999809265137 -2.0392534732818604
		endloop
	endfacet
	facet normal -0.5721982784362263 0.7125700607782472 -0.40599635298497966
		outer loop
			vertex -3.9804654121398926 9.399999618530273 -3.0258710384368896
			vertex -3.9796037673950195 9.699999809265137 -2.5005507469177246
			vertex -3.674607992172241 9.699999809265137 -2.9304020404815674
		endloop
	endfacet
	facet normal -0.5896545591550442 0.701762643105363 -0.3997958148973619
		outer loop
			vertex -3.9804654121398926 9.399999618530273 -3.0258710384368896
			vertex -4.284286022186279 9.399999618530273 -2.5777692794799805
			vertex -3.9796037673950195 9.699999809265137 -2.5005507469177246
		endloop
	endfacet
	facet normal -0.5226217689001862 0.7132580973575929 -0.467043224151113
		outer loop
			vertex -3.6299774646759033 9.399999618530273 -3.438497304916382
			vertex -3.674607992172241 9.699999809265137 -2.9304020404815674
			vertex -3.323401927947998 9.699999809265137 -3.323401927947998
		endloop
	endfacet
	facet normal -0.5435137919480351 0.7010409023391987 -0.46166482561454736
		outer loop
			vertex -3.6299774646759033 9.399999618530273 -3.438497304916382
			vertex -3.9804654121398926 9.399999618530273 -3.0258710384368896
			vertex -3.674607992172241 9.699999809265137 -2.9304020404815674
		endloop
	endfacet
	facet normal -0.46663570564402174 0.7138585589369122 -0.522165755340793
		outer loop
			vertex -3.236931324005127 9.399999618530273 -3.8108103275299072
			vertex -3.323401927947998 9.699999809265137 -3.323401927947998
			vertex -2.9304020404815674 9.699999809265137 -3.674607992172241
		endloop
	endfacet
	facet normal -0.49084435861376047 0.7004021698134478 -0.5181781702635306
		outer loop
			vertex -3.236931324005127 9.399999618530273 -3.8108103275299072
			vertex -3.6299774646759033 9.399999618530273 -3.438497304916382
			vertex -3.323401927947998 9.699999809265137 -3.323401927947998
		endloop
	endfacet
	facet normal -0.40493459437951657 0.7143719969832434 -0.5707018698067052
		outer loop
			vertex -2.8059353828430176 9.399999618530273 -4.138444900512695
			vertex -2.9304020404815674 9.699999809265137 -3.674607992172241
			vertex -2.5005507469177246 9.699999809265137 -3.9796037673950195
		endloop
	endfacet
	facet normal -0.4322713164811232 0.699847399295322 -0.5686432331851412
		outer loop
			vertex -2.8059353828430176 9.399999618530273 -4.138444900512695
			vertex -3.236931324005127 9.399999618530273 -3.8108103275299072
			vertex -2.9304020404815674 9.699999809265137 -3.674607992172241
		endloop
	endfacet
	facet normal -0.3382792225655809 0.7147988834150958 -0.6120700318174046
		outer loop
			vertex -2.3420422077178955 9.399999618530273 -4.41756010055542
			vertex -2.5005507469177246 9.699999809265137 -3.9796037673950195
			vertex -2.0392534732818604 9.699999809265137 -4.234553813934326
		endloop
	endfacet
	facet normal -0.3684936686318932 0.6993768467179556 -0.6124413787890707
		outer loop
			vertex -2.3420422077178955 9.399999618530273 -4.41756010055542
			vertex -2.8059353828430176 9.399999618530273 -4.138444900512695
			vertex -2.5005507469177246 9.699999809265137 -3.9796037673950195
		endloop
	endfacet
	facet normal -0.30027556727070703 0.6989911477896504 -0.6490346362190251
		outer loop
			vertex -1.8506907224655151 9.399999618530273 -4.644883632659912
			vertex -2.3420422077178955 9.399999618530273 -4.41756010055542
			vertex -2.0392534732818604 9.699999809265137 -4.234553813934326
		endloop
	endfacet
	facet normal -0.26748836085837296 0.7151400962599899 -0.6457744339369229
		outer loop
			vertex -1.8506907224655151 9.399999618530273 -4.644883632659912
			vertex -2.0392534732818604 9.699999809265137 -4.234553813934326
			vertex -1.5523115396499634 9.699999809265137 -4.436251640319824
		endloop
	endfacet
	facet normal -0.22843584264039005 0.6986910218383658 -0.6779733931354793
		outer loop
			vertex -1.337641716003418 9.399999618530273 -4.817749977111816
			vertex -1.8506907224655151 9.399999618530273 -4.644883632659912
			vertex -1.5523115396499634 9.699999809265137 -4.436251640319824
		endloop
	endfacet
	facet normal -0.19343010500087698 0.7153957379767798 -0.6714117459234746
		outer loop
			vertex -1.337641716003418 9.399999618530273 -4.817749977111816
			vertex -1.5523115396499634 9.699999809265137 -4.436251640319824
			vertex -1.0458483695983887 9.699999809265137 -4.582160949707031
		endloop
	endfacet
	facet normal -0.1538398803477741 0.6984764810942984 -0.6989019219981506
		outer loop
			vertex -0.8089100122451782 9.399999618530273 -4.9341325759887695
			vertex -1.337641716003418 9.399999618530273 -4.817749977111816
			vertex -1.0458483695983887 9.699999809265137 -4.582160949707031
		endloop
	endfacet
	facet normal -0.11701095005428203 0.715565795729154 -0.6886755618939132
		outer loop
			vertex -0.8089100122451782 9.399999618530273 -4.9341325759887695
			vertex -1.0458483695983887 9.699999809265137 -4.582160949707031
			vertex -0.5262330174446106 9.699999809265137 -4.67044734954834
		endloop
	endfacet
	facet normal -0.03916265415788256 0.7156509890911364 -0.6973592677610218
		outer loop
			vertex -0.2706945538520813 9.399999618530273 -4.992667198181152
			vertex -0.5262330174446106 9.699999809265137 -4.67044734954834
			vertex 7.55003325754889e-15 9.699999809265137 -4.699999809265137
		endloop
	endfacet
	facet normal -0.07738737791638249 0.6983473391645291 -0.7115632000188383
		outer loop
			vertex -0.2706945538520813 9.399999618530273 -4.992667198181152
			vertex -0.8089100122451782 9.399999618530273 -4.9341325759887695
			vertex -0.5262330174446106 9.699999809265137 -4.67044734954834
		endloop
	endfacet
	facet normal 0.03916265415788371 0.7156509890911359 -0.6973592677610222
		outer loop
			vertex 0.2706945538520813 9.399999618530273 -4.992667198181152
			vertex 7.55003325754889e-15 9.699999809265137 -4.699999809265137
			vertex 0.5262330174446106 9.699999809265137 -4.67044734954834
		endloop
	endfacet
	facet normal 0 0.6983046299817712 -0.7158007011354639
		outer loop
			vertex 0.2706945538520813 9.399999618530273 -4.992667198181152
			vertex -0.2706945538520813 9.399999618530273 -4.992667198181152
			vertex 7.55003325754889e-15 9.699999809265137 -4.699999809265137
		endloop
	endfacet
	facet normal 0.11701095005428203 0.715565795729154 -0.6886755618939132
		outer loop
			vertex 0.8089100122451782 9.399999618530273 -4.9341325759887695
			vertex 0.5262330174446106 9.699999809265137 -4.67044734954834
			vertex 1.0458483695983887 9.699999809265137 -4.582160949707031
		endloop
	endfacet
	facet normal 0.07738737791638249 0.6983473391645291 -0.7115632000188383
		outer loop
			vertex 0.8089100122451782 9.399999618530273 -4.9341325759887695
			vertex 0.2706945538520813 9.399999618530273 -4.992667198181152
			vertex 0.5262330174446106 9.699999809265137 -4.67044734954834
		endloop
	endfacet
	facet normal 0.19343010500087698 0.7153957379767798 -0.6714117459234746
		outer loop
			vertex 1.337641716003418 9.399999618530273 -4.817749977111816
			vertex 1.0458483695983887 9.699999809265137 -4.582160949707031
			vertex 1.5523115396499634 9.699999809265137 -4.436251640319824
		endloop
	endfacet
	facet normal 0.1538398803477741 0.6984764810942984 -0.6989019219981506
		outer loop
			vertex 1.337641716003418 9.399999618530273 -4.817749977111816
			vertex 0.8089100122451782 9.399999618530273 -4.9341325759887695
			vertex 1.0458483695983887 9.699999809265137 -4.582160949707031
		endloop
	endfacet
	facet normal 0.26748836085837296 0.7151400962599899 -0.6457744339369229
		outer loop
			vertex 1.8506907224655151 9.399999618530273 -4.644883632659912
			vertex 1.5523115396499634 9.699999809265137 -4.436251640319824
			vertex 2.0392534732818604 9.699999809265137 -4.234553813934326
		endloop
	endfacet
	facet normal 0.22843584264039005 0.6986910218383658 -0.6779733931354793
		outer loop
			vertex 1.8506907224655151 9.399999618530273 -4.644883632659912
			vertex 1.337641716003418 9.399999618530273 -4.817749977111816
			vertex 1.5523115396499634 9.699999809265137 -4.436251640319824
		endloop
	endfacet
	facet normal 0.3382792225655809 0.7147988834150958 -0.6120700318174046
		outer loop
			vertex 2.3420422077178955 9.399999618530273 -4.41756010055542
			vertex 2.0392534732818604 9.699999809265137 -4.234553813934326
			vertex 2.5005507469177246 9.699999809265137 -3.9796037673950195
		endloop
	endfacet
	facet normal 0.30027556727070703 0.6989911477896504 -0.6490346362190251
		outer loop
			vertex 2.3420422077178955 9.399999618530273 -4.41756010055542
			vertex 1.8506907224655151 9.399999618530273 -4.644883632659912
			vertex 2.0392534732818604 9.699999809265137 -4.234553813934326
		endloop
	endfacet
	facet normal 0.40493459437951657 0.7143719969832434 -0.5707018698067052
		outer loop
			vertex 2.8059353828430176 9.399999618530273 -4.138444900512695
			vertex 2.5005507469177246 9.699999809265137 -3.9796037673950195
			vertex 2.9304020404815674 9.699999809265137 -3.674607992172241
		endloop
	endfacet
	facet normal 0.3684936686318932 0.6993768467179556 -0.6124413787890707
		outer loop
			vertex 2.8059353828430176 9.399999618530273 -4.138444900512695
			vertex 2.3420422077178955 9.399999618530273 -4.41756010055542
			vertex 2.5005507469177246 9.699999809265137 -3.9796037673950195
		endloop
	endfacet
	facet normal 0.46663570564402174 0.7138585589369122 -0.522165755340793
		outer loop
			vertex 3.236931324005127 9.399999618530273 -3.8108103275299072
			vertex 2.9304020404815674 9.699999809265137 -3.674607992172241
			vertex 3.323401927947998 9.699999809265137 -3.323401927947998
		endloop
	endfacet
	facet normal 0.4322713164811232 0.699847399295322 -0.5686432331851412
		outer loop
			vertex 3.236931324005127 9.399999618530273 -3.8108103275299072
			vertex 2.8059353828430176 9.399999618530273 -4.138444900512695
			vertex 2.9304020404815674 9.699999809265137 -3.674607992172241
		endloop
	endfacet
	facet normal 0.5226217689001862 0.7132580973575929 -0.467043224151113
		outer loop
			vertex 3.6299774646759033 9.399999618530273 -3.438497304916382
			vertex 3.323401927947998 9.699999809265137 -3.323401927947998
			vertex 3.674607992172241 9.699999809265137 -2.9304020404815674
		endloop
	endfacet
	facet normal 0.49084435861376047 0.7004021698134478 -0.5181781702635306
		outer loop
			vertex 3.6299774646759033 9.399999618530273 -3.438497304916382
			vertex 3.236931324005127 9.399999618530273 -3.8108103275299072
			vertex 3.323401927947998 9.699999809265137 -3.323401927947998
		endloop
	endfacet
	facet normal 0.5435137919480351 0.7010409023391987 -0.46166482561454736
		outer loop
			vertex 3.9804654121398926 9.399999618530273 -3.0258710384368896
			vertex 3.6299774646759033 9.399999618530273 -3.438497304916382
			vertex 3.674607992172241 9.699999809265137 -2.9304020404815674
		endloop
	endfacet
	facet normal 0.5721982784362263 0.7125700607782472 -0.40599635298497966
		outer loop
			vertex 3.9796037673950195 9.699999809265137 -2.5005507469177246
			vertex 3.9804654121398926 9.399999618530273 -3.0258710384368896
			vertex 3.674607992172241 9.699999809265137 -2.9304020404815674
		endloop
	endfacet
	facet normal 0.5896545591550442 0.701762643105363 -0.3997958148973619
		outer loop
			vertex 4.284286022186279 9.399999618530273 -2.5777692794799805
			vertex 3.9804654121398926 9.399999618530273 -3.0258710384368896
			vertex 3.9796037673950195 9.699999809265137 -2.5005507469177246
		endloop
	endfacet
	facet normal 0.6147470633371488 0.7117935298289413 -0.33975876590900145
		outer loop
			vertex 4.234553813934326 9.699999809265137 -2.0392534732818604
			vertex 4.284286022186279 9.399999618530273 -2.5777692794799805
			vertex 3.9796037673950195 9.699999809265137 -2.5005507469177246
		endloop
	endfacet
	facet normal 0.6287232177663107 0.7025665027888254 -0.3333278035217824
		outer loop
			vertex 4.537877082824707 9.399999618530273 -2.0994455814361572
			vertex 4.284286022186279 9.399999618530273 -2.5777692794799805
			vertex 4.234553813934326 9.699999809265137 -2.0392534732818604
		endloop
	endfacet
	facet normal 0.6497325330463044 0.7109274445839208 -0.26912785816152396
		outer loop
			vertex 4.436251640319824 9.699999809265137 -1.5523115396499634
			vertex 4.537877082824707 9.399999618530273 -2.0994455814361572
			vertex 4.234553813934326 9.699999809265137 -2.0392534732818604
		endloop
	endfacet
	facet normal 0.6602632548843669 0.7034521884350703 -0.2630730940925199
		outer loop
			vertex 4.7382659912109375 9.399999618530273 -1.5965076684951782
			vertex 4.537877082824707 9.399999618530273 -2.0994455814361572
			vertex 4.436251640319824 9.699999809265137 -1.5523115396499634
		endloop
	endfacet
	facet normal 0.6767072576726691 0.709971518603976 -0.19495571339229886
		outer loop
			vertex 4.582160949707031 9.699999809265137 -1.0458483695983887
			vertex 4.7382659912109375 9.399999618530273 -1.5965076684951782
			vertex 4.436251640319824 9.699999809265137 -1.5523115396499634
		endloop
	endfacet
	facet normal 0.683913283398817 0.7044184361834913 -0.1898875655630303
		outer loop
			vertex 4.883102893829346 9.399999618530273 -1.0748522281646729
			vertex 4.7382659912109375 9.399999618530273 -1.5965076684951782
			vertex 4.582160949707031 9.699999809265137 -1.0458483695983887
		endloop
	endfacet
	facet normal 0.6953197261800415 0.7089241540720552 -0.11813984153592334
		outer loop
			vertex 4.67044734954834 9.699999809265137 -0.5262330174446106
			vertex 4.883102893829346 9.399999618530273 -1.0748522281646729
			vertex 4.582160949707031 9.699999809265137 -1.0458483695983887
		endloop
	endfacet
	facet normal 0.6994095491498618 0.7054635785964118 -0.11466220751377276
		outer loop
			vertex 4.97068977355957 9.399999618530273 -0.5405951142311096
			vertex 4.883102893829346 9.399999618530273 -1.0748522281646729
			vertex 4.67044734954834 9.699999809265137 -0.5262330174446106
		endloop
	endfacet
	facet normal 0.7053179108461982 0.7077836705198032 -0.039609599658028974
		outer loop
			vertex 4.699999809265137 9.699999809265137 0
			vertex 4.97068977355957 9.399999618530273 -0.5405951142311096
			vertex 4.67044734954834 9.699999809265137 -0.5262330174446106
		endloop
	endfacet
	facet normal 0.7065876935361527 0.7065876935361527 -0.03831008596335878
		outer loop
			vertex 5 9.399999618530273 0
			vertex 4.97068977355957 9.399999618530273 -0.5405951142311096
			vertex 4.699999809265137 9.699999809265137 0
		endloop
	endfacet
	facet normal 0.17363922822779024 0.9847610523309642 -0.009751319524525263
		outer loop
			vertex -4.67044734954834 9.699999809265137 0.5262330174446106
			vertex -4 9.576571464538574 0
			vertex -4.699999809265137 9.699999809265137 5.939536904165819e-16
		endloop
	endfacet
	facet normal 0.17309143686604014 0.984850105880435 -0.01047012086586038
		outer loop
			vertex -4.67044734954834 9.699999809265137 0.5262330174446106
			vertex -3.9708354473114014 9.576571464538574 0.4821467101573944
			vertex -4 9.576571464538574 0
		endloop
	endfacet
	facet normal 0.17011438054853226 0.9849310859042258 -0.031174565756588737
		outer loop
			vertex -4.582160949707031 9.699999809265137 1.0458483695983887
			vertex -3.8837673664093018 9.576571464538574 0.9572626352310181
			vertex -3.9708354473114014 9.576571464538574 0.4821467101573944
		endloop
	endfacet
	facet normal 0.17188172236610355 0.984684621124495 -0.02920394557883595
		outer loop
			vertex -4.582160949707031 9.699999809265137 1.0458483695983887
			vertex -3.9708354473114014 9.576571464538574 0.4821467101573944
			vertex -4.67044734954834 9.699999809265137 0.5262330174446106
		endloop
	endfacet
	facet normal 0.16475811432758422 0.9849968979649147 -0.05134077095948574
		outer loop
			vertex -4.436251640319824 9.699999809265137 1.5523115396499634
			vertex -3.740064859390259 9.576571464538574 1.418419599533081
			vertex -3.8837673664093018 9.576571464538574 0.9572626352310181
		endloop
	endfacet
	facet normal 0.16787900797620148 0.9846204658888476 -0.048365037307495765
		outer loop
			vertex -4.436251640319824 9.699999809265137 1.5523115396499634
			vertex -3.8837673664093018 9.576571464538574 0.9572626352310181
			vertex -4.582160949707031 9.699999809265137 1.0458483695983887
		endloop
	endfacet
	facet normal 0.1571033348258857 0.9850477863145815 -0.07070644145570183
		outer loop
			vertex -4.234553813934326 9.699999809265137 2.0392534732818604
			vertex -3.5418241024017334 9.576571464538574 1.8588926792144775
			vertex -3.740064859390259 9.576571464538574 1.418419599533081
		endloop
	endfacet
	facet normal 0.16167665175407528 0.9845688722657854 -0.0669686198369875
		outer loop
			vertex -4.234553813934326 9.699999809265137 2.0392534732818604
			vertex -3.740064859390259 9.576571464538574 1.418419599533081
			vertex -4.436251640319824 9.699999809265137 1.5523115396499634
		endloop
	endfacet
	facet normal 0.14725795331943786 0.9850839755166526 -0.08902053900352218
		outer loop
			vertex -3.9796037673950195 9.699999809265137 2.5005507469177246
			vertex -3.291935443878174 9.576571464538574 2.272258996963501
			vertex -3.5418241024017334 9.576571464538574 1.8588926792144775
		endloop
	endfacet
	facet normal 0.15335326241189975 0.984529991447804 -0.08475537061103641
		outer loop
			vertex -3.9796037673950195 9.699999809265137 2.5005507469177246
			vertex -3.5418241024017334 9.576571464538574 1.8588926792144775
			vertex -4.234553813934326 9.699999809265137 2.0392534732818604
		endloop
	endfacet
	facet normal 0.13535645386487968 0.9851056264404076 -0.10604496759666077
		outer loop
			vertex -3.674607992172241 9.699999809265137 2.9304020404815674
			vertex -2.9940431118011475 9.576571464538574 2.6524906158447266
			vertex -3.291935443878174 9.576571464538574 2.272258996963501
		endloop
	endfacet
	facet normal 0.14301853960956304 0.9845039874632916 -0.10147707128621151
		outer loop
			vertex -3.674607992172241 9.699999809265137 2.9304020404815674
			vertex -3.291935443878174 9.576571464538574 2.272258996963501
			vertex -3.9796037673950195 9.699999809265137 2.5005507469177246
		endloop
	endfacet
	facet normal 0.12155801049606403 0.9851128362621604 -0.12155801049606403
		outer loop
			vertex -3.323401927947998 9.699999809265137 3.323401927947998
			vertex -2.6524906158447266 9.576571464538574 2.9940431118011475
			vertex -2.9940431118011475 9.576571464538574 2.6524906158447266
		endloop
	endfacet
	facet normal 0.13081199155777087 0.9844909585974359 -0.11690070703204442
		outer loop
			vertex -3.323401927947998 9.699999809265137 3.323401927947998
			vertex -2.9940431118011475 9.576571464538574 2.6524906158447266
			vertex -3.674607992172241 9.699999809265137 2.9304020404815674
		endloop
	endfacet
	facet normal 0.10604496759666077 0.9851056264404076 -0.13535645386487968
		outer loop
			vertex -2.9304020404815674 9.699999809265137 3.674607992172241
			vertex -2.272258996963501 9.576571464538574 3.291935443878174
			vertex -2.6524906158447266 9.576571464538574 2.9940431118011475
		endloop
	endfacet
	facet normal 0.11690070703204442 0.9844909585974359 -0.13081199155777087
		outer loop
			vertex -2.9304020404815674 9.699999809265137 3.674607992172241
			vertex -2.6524906158447266 9.576571464538574 2.9940431118011475
			vertex -3.323401927947998 9.699999809265137 3.323401927947998
		endloop
	endfacet
	facet normal 0.08902053900352218 0.9850839755166526 -0.14725795331943786
		outer loop
			vertex -2.5005507469177246 9.699999809265137 3.9796037673950195
			vertex -1.8588926792144775 9.576571464538574 3.5418241024017334
			vertex -2.272258996963501 9.576571464538574 3.291935443878174
		endloop
	endfacet
	facet normal 0.10147707128621151 0.9845039874632916 -0.14301853960956304
		outer loop
			vertex -2.5005507469177246 9.699999809265137 3.9796037673950195
			vertex -2.272258996963501 9.576571464538574 3.291935443878174
			vertex -2.9304020404815674 9.699999809265137 3.674607992172241
		endloop
	endfacet
	facet normal 0.07070644145570183 0.9850477863145815 -0.1571033348258857
		outer loop
			vertex -2.0392534732818604 9.699999809265137 4.234553813934326
			vertex -1.418419599533081 9.576571464538574 3.740064859390259
			vertex -1.8588926792144775 9.576571464538574 3.5418241024017334
		endloop
	endfacet
	facet normal 0.08475537061103641 0.984529991447804 -0.15335326241189975
		outer loop
			vertex -2.0392534732818604 9.699999809265137 4.234553813934326
			vertex -1.8588926792144775 9.576571464538574 3.5418241024017334
			vertex -2.5005507469177246 9.699999809265137 3.9796037673950195
		endloop
	endfacet
	facet normal 0.0669686198369875 0.9845688722657854 -0.16167665175407528
		outer loop
			vertex -1.5523115396499634 9.699999809265137 4.436251640319824
			vertex -1.418419599533081 9.576571464538574 3.740064859390259
			vertex -2.0392534732818604 9.699999809265137 4.234553813934326
		endloop
	endfacet
	facet normal 0.05134077095948574 0.9849968979649147 -0.16475811432758422
		outer loop
			vertex -1.5523115396499634 9.699999809265137 4.436251640319824
			vertex -0.9572626352310181 9.576571464538574 3.8837673664093018
			vertex -1.418419599533081 9.576571464538574 3.740064859390259
		endloop
	endfacet
	facet normal 0.048365037307495765 0.9846204658888476 -0.16787900797620148
		outer loop
			vertex -1.0458483695983887 9.699999809265137 4.582160949707031
			vertex -0.9572626352310181 9.576571464538574 3.8837673664093018
			vertex -1.5523115396499634 9.699999809265137 4.436251640319824
		endloop
	endfacet
	facet normal 0.031174565756588737 0.9849310859042258 -0.17011438054853226
		outer loop
			vertex -1.0458483695983887 9.699999809265137 4.582160949707031
			vertex -0.4821467101573944 9.576571464538574 3.9708354473114014
			vertex -0.9572626352310181 9.576571464538574 3.8837673664093018
		endloop
	endfacet
	facet normal 0.02920394557883595 0.984684621124495 -0.17188172236610355
		outer loop
			vertex -0.5262330174446106 9.699999809265137 4.67044734954834
			vertex -0.4821467101573944 9.576571464538574 3.9708354473114014
			vertex -1.0458483695983887 9.699999809265137 4.582160949707031
		endloop
	endfacet
	facet normal 0.010470120865860157 0.9848501058804351 -0.1730914368660402
		outer loop
			vertex -0.5262330174446106 9.699999809265137 4.67044734954834
			vertex 1.0327637250712347e-14 9.576571464538574 4
			vertex -0.4821467101573944 9.576571464538574 3.9708354473114014
		endloop
	endfacet
	facet normal 0.009751319524525091 0.9847610523309643 -0.17363922822779024
		outer loop
			vertex 8.701201007811372e-15 9.699999809265137 4.699999809265137
			vertex 1.0327637250712347e-14 9.576571464538574 4
			vertex -0.5262330174446106 9.699999809265137 4.67044734954834
		endloop
	endfacet
	facet normal -0.009751319524525416 0.9847610523309643 -0.17363922822779024
		outer loop
			vertex 0.5262330174446106 9.699999809265137 4.67044734954834
			vertex 1.0327637250712347e-14 9.576571464538574 4
			vertex 8.701201007811372e-15 9.699999809265137 4.699999809265137
		endloop
	endfacet
	facet normal -0.010470120865860603 0.9848501058804351 -0.17309143686604014
		outer loop
			vertex 0.5262330174446106 9.699999809265137 4.67044734954834
			vertex 0.4821467101573944 9.576571464538574 3.9708354473114014
			vertex 1.0327637250712347e-14 9.576571464538574 4
		endloop
	endfacet
	facet normal -0.02920394557883595 0.984684621124495 -0.17188172236610355
		outer loop
			vertex 1.0458483695983887 9.699999809265137 4.582160949707031
			vertex 0.4821467101573944 9.576571464538574 3.9708354473114014
			vertex 0.5262330174446106 9.699999809265137 4.67044734954834
		endloop
	endfacet
	facet normal -0.031174565756588737 0.9849310859042258 -0.17011438054853226
		outer loop
			vertex 1.0458483695983887 9.699999809265137 4.582160949707031
			vertex 0.9572626352310181 9.576571464538574 3.8837673664093018
			vertex 0.4821467101573944 9.576571464538574 3.9708354473114014
		endloop
	endfacet
	facet normal -0.048365037307495765 0.9846204658888476 -0.16787900797620148
		outer loop
			vertex 1.5523115396499634 9.699999809265137 4.436251640319824
			vertex 0.9572626352310181 9.576571464538574 3.8837673664093018
			vertex 1.0458483695983887 9.699999809265137 4.582160949707031
		endloop
	endfacet
	facet normal -0.05134077095948574 0.9849968979649147 -0.16475811432758422
		outer loop
			vertex 1.5523115396499634 9.699999809265137 4.436251640319824
			vertex 1.418419599533081 9.576571464538574 3.740064859390259
			vertex 0.9572626352310181 9.576571464538574 3.8837673664093018
		endloop
	endfacet
	facet normal -0.0669686198369875 0.9845688722657854 -0.16167665175407528
		outer loop
			vertex 2.0392534732818604 9.699999809265137 4.234553813934326
			vertex 1.418419599533081 9.576571464538574 3.740064859390259
			vertex 1.5523115396499634 9.699999809265137 4.436251640319824
		endloop
	endfacet
	facet normal -0.07070644145570183 0.9850477863145815 -0.1571033348258857
		outer loop
			vertex 2.0392534732818604 9.699999809265137 4.234553813934326
			vertex 1.8588926792144775 9.576571464538574 3.5418241024017334
			vertex 1.418419599533081 9.576571464538574 3.740064859390259
		endloop
	endfacet
	facet normal -0.08475537061103641 0.984529991447804 -0.15335326241189975
		outer loop
			vertex 2.5005507469177246 9.699999809265137 3.9796037673950195
			vertex 1.8588926792144775 9.576571464538574 3.5418241024017334
			vertex 2.0392534732818604 9.699999809265137 4.234553813934326
		endloop
	endfacet
	facet normal -0.08902053900352218 0.9850839755166526 -0.14725795331943786
		outer loop
			vertex 2.5005507469177246 9.699999809265137 3.9796037673950195
			vertex 2.272258996963501 9.576571464538574 3.291935443878174
			vertex 1.8588926792144775 9.576571464538574 3.5418241024017334
		endloop
	endfacet
	facet normal -0.10147707128621151 0.9845039874632916 -0.14301853960956304
		outer loop
			vertex 2.9304020404815674 9.699999809265137 3.674607992172241
			vertex 2.272258996963501 9.576571464538574 3.291935443878174
			vertex 2.5005507469177246 9.699999809265137 3.9796037673950195
		endloop
	endfacet
	facet normal -0.10604496759666077 0.9851056264404076 -0.13535645386487968
		outer loop
			vertex 2.9304020404815674 9.699999809265137 3.674607992172241
			vertex 2.6524906158447266 9.576571464538574 2.9940431118011475
			vertex 2.272258996963501 9.576571464538574 3.291935443878174
		endloop
	endfacet
	facet normal -0.12155801049606403 0.9851128362621604 -0.12155801049606403
		outer loop
			vertex 3.323401927947998 9.699999809265137 3.323401927947998
			vertex 2.9940431118011475 9.576571464538574 2.6524906158447266
			vertex 2.6524906158447266 9.576571464538574 2.9940431118011475
		endloop
	endfacet
	facet normal -0.11690070703204442 0.9844909585974359 -0.13081199155777087
		outer loop
			vertex 3.323401927947998 9.699999809265137 3.323401927947998
			vertex 2.6524906158447266 9.576571464538574 2.9940431118011475
			vertex 2.9304020404815674 9.699999809265137 3.674607992172241
		endloop
	endfacet
	facet normal -0.13535645386487968 0.9851056264404076 -0.10604496759666077
		outer loop
			vertex 3.674607992172241 9.699999809265137 2.9304020404815674
			vertex 3.291935443878174 9.576571464538574 2.272258996963501
			vertex 2.9940431118011475 9.576571464538574 2.6524906158447266
		endloop
	endfacet
	facet normal -0.13081199155777087 0.9844909585974359 -0.11690070703204442
		outer loop
			vertex 3.674607992172241 9.699999809265137 2.9304020404815674
			vertex 2.9940431118011475 9.576571464538574 2.6524906158447266
			vertex 3.323401927947998 9.699999809265137 3.323401927947998
		endloop
	endfacet
	facet normal -0.14725795331943786 0.9850839755166526 -0.08902053900352218
		outer loop
			vertex 3.9796037673950195 9.699999809265137 2.5005507469177246
			vertex 3.5418241024017334 9.576571464538574 1.8588926792144775
			vertex 3.291935443878174 9.576571464538574 2.272258996963501
		endloop
	endfacet
	facet normal -0.14301853960956304 0.9845039874632916 -0.10147707128621151
		outer loop
			vertex 3.9796037673950195 9.699999809265137 2.5005507469177246
			vertex 3.291935443878174 9.576571464538574 2.272258996963501
			vertex 3.674607992172241 9.699999809265137 2.9304020404815674
		endloop
	endfacet
	facet normal -0.1571033348258857 0.9850477863145815 -0.07070644145570183
		outer loop
			vertex 4.234553813934326 9.699999809265137 2.0392534732818604
			vertex 3.740064859390259 9.576571464538574 1.418419599533081
			vertex 3.5418241024017334 9.576571464538574 1.8588926792144775
		endloop
	endfacet
	facet normal -0.15335326241189975 0.984529991447804 -0.08475537061103641
		outer loop
			vertex 4.234553813934326 9.699999809265137 2.0392534732818604
			vertex 3.5418241024017334 9.576571464538574 1.8588926792144775
			vertex 3.9796037673950195 9.699999809265137 2.5005507469177246
		endloop
	endfacet
	facet normal -0.16475811432758422 0.9849968979649147 -0.05134077095948574
		outer loop
			vertex 4.436251640319824 9.699999809265137 1.5523115396499634
			vertex 3.8837673664093018 9.576571464538574 0.9572626352310181
			vertex 3.740064859390259 9.576571464538574 1.418419599533081
		endloop
	endfacet
	facet normal -0.16167665175407528 0.9845688722657854 -0.0669686198369875
		outer loop
			vertex 4.436251640319824 9.699999809265137 1.5523115396499634
			vertex 3.740064859390259 9.576571464538574 1.418419599533081
			vertex 4.234553813934326 9.699999809265137 2.0392534732818604
		endloop
	endfacet
	facet normal -0.17011438054853226 0.9849310859042258 -0.031174565756588737
		outer loop
			vertex 4.582160949707031 9.699999809265137 1.0458483695983887
			vertex 3.9708354473114014 9.576571464538574 0.4821467101573944
			vertex 3.8837673664093018 9.576571464538574 0.9572626352310181
		endloop
	endfacet
	facet normal -0.16787900797620148 0.9846204658888476 -0.048365037307495765
		outer loop
			vertex 4.582160949707031 9.699999809265137 1.0458483695983887
			vertex 3.8837673664093018 9.576571464538574 0.9572626352310181
			vertex 4.436251640319824 9.699999809265137 1.5523115396499634
		endloop
	endfacet
	facet normal -0.17309143686604014 0.984850105880435 -0.010470120865860391
		outer loop
			vertex 4.67044734954834 9.699999809265137 0.5262330174446106
			vertex 4 9.576571464538574 5.327213610222133e-16
			vertex 3.9708354473114014 9.576571464538574 0.4821467101573944
		endloop
	endfacet
	facet normal -0.17188172236610355 0.984684621124495 -0.02920394557883595
		outer loop
			vertex 4.67044734954834 9.699999809265137 0.5262330174446106
			vertex 3.9708354473114014 9.576571464538574 0.4821467101573944
			vertex 4.582160949707031 9.699999809265137 1.0458483695983887
		endloop
	endfacet
	facet normal -0.17363922822779027 0.9847610523309643 -0.009751319524525256
		outer loop
			vertex 4.699999809265137 9.699999809265137 0
			vertex 4 9.576571464538574 5.327213610222133e-16
			vertex 4.67044734954834 9.699999809265137 0.5262330174446106
		endloop
	endfacet
	facet normal -0.18350529950382521 0.9829560488975954 0.011100044578276387
		outer loop
			vertex -3.0097708702087402 9.761434555053711 0
			vertex -4 9.576571464538574 0
			vertex -3.9708354473114014 9.576571464538574 0.4821467101573944
		endloop
	endfacet
	facet normal 0.18350529950382516 0.9829560488975952 0.011100044578276397
		outer loop
			vertex 4 9.576571464538574 5.327213610222133e-16
			vertex 3.0097708702087402 9.761434555053711 -3.6859062216244506e-16
			vertex 3.9708354473114014 9.576571464538574 0.4821467101573944
		endloop
	endfacet
	facet normal -0.15583408014487654 0.9802092742907439 0.12208815691873447
		outer loop
			vertex -2.9930479526519775 9.656607627868652 2.011174440383911
			vertex -3.291935443878174 9.576571464538574 2.272258996963501
			vertex -2.9940431118011475 9.576571464538574 2.6524906158447266
		endloop
	endfacet
	facet normal -0.17167924021450542 0.9796709536946973 0.10378372206802293
		outer loop
			vertex -2.9930479526519775 9.656607627868652 2.011174440383911
			vertex -3.5418241024017334 9.576571464538574 1.8588926792144775
			vertex -3.291935443878174 9.576571464538574 2.272258996963501
		endloop
	endfacet
	facet normal -0.054482943705396344 0.9830879883883473 0.1748416881974875
		outer loop
			vertex -1.4907549619674683 9.702445030212402 3.0097708702087402
			vertex -1.418419599533081 9.576571464538574 3.740064859390259
			vertex -0.9572626352310181 9.576571464538574 3.8837673664093018
		endloop
	endfacet
	facet normal -0.0796487539747924 0.9809876984596064 0.17697234660021685
		outer loop
			vertex -1.4907549619674683 9.702445030212402 3.0097708702087402
			vertex -1.8588926792144775 9.576571464538574 3.5418241024017334
			vertex -1.418419599533081 9.576571464538574 3.740064859390259
		endloop
	endfacet
	facet normal -0.09897641694555831 0.981527963323126 0.16372698648474335
		outer loop
			vertex -1.4907549619674683 9.702445030212402 3.0097708702087402
			vertex -2.272258996963501 9.576571464538574 3.291935443878174
			vertex -1.8588926792144775 9.576571464538574 3.5418241024017334
		endloop
	endfacet
	facet normal -0.16458602659411323 0.9834105880267365 0.0762565092754077
		outer loop
			vertex -3.501230478286743 9.64942455291748 1.0069869756698608
			vertex -3.5418241024017334 9.576571464538574 1.8588926792144775
			vertex -2.9930479526519775 9.656607627868652 2.011174440383911
		endloop
	endfacet
	facet normal -0.16885009406404045 0.9827078280326985 0.07599322639433675
		outer loop
			vertex -3.501230478286743 9.64942455291748 1.0069869756698608
			vertex -3.740064859390259 9.576571464538574 1.418419599533081
			vertex -3.5418241024017334 9.576571464538574 1.8588926792144775
		endloop
	endfacet
	facet normal -0.19433165045201026 0.9790649354714444 0.06055626939379885
		outer loop
			vertex -3.501230478286743 9.64942455291748 1.0069869756698608
			vertex -3.8837673664093018 9.576571464538574 0.9572626352310181
			vertex -3.740064859390259 9.576571464538574 1.418419599533081
		endloop
	endfacet
	facet normal -0.1913666367986208 0.9808919221538608 0.035069179826298404
		outer loop
			vertex -3.501230478286743 9.64942455291748 1.0069869756698608
			vertex -3.9708354473114014 9.576571464538574 0.4821467101573944
			vertex -3.8837673664093018 9.576571464538574 0.9572626352310181
		endloop
	endfacet
	facet normal -0.17789151942787032 0.9837903233981625 0.022609885089987368
		outer loop
			vertex -3.501230478286743 9.64942455291748 1.0069869756698608
			vertex -3.0097708702087402 9.761434555053711 0
			vertex -3.9708354473114014 9.576571464538574 0.4821467101573944
		endloop
	endfacet
	facet normal -0.10926134944519555 0.9841810535269222 0.139461863590204
		outer loop
			vertex -2 9.788285255432129 2.011174440383911
			vertex -2.6524906158447266 9.576571464538574 2.9940431118011475
			vertex -2.272258996963501 9.576571464538574 3.291935443878174
		endloop
	endfacet
	facet normal -0.12734343428871306 0.9836499883022988 0.12734343428871306
		outer loop
			vertex -2 9.788285255432129 2.011174440383911
			vertex -2.9940431118011475 9.576571464538574 2.6524906158447266
			vertex -2.6524906158447266 9.576571464538574 2.9940431118011475
		endloop
	endfacet
	facet normal -0.10808371927849951 0.9842734095857258 0.13972746619550805
		outer loop
			vertex -2 9.788285255432129 2.011174440383911
			vertex -2.272258996963501 9.576571464538574 3.291935443878174
			vertex -1.4907549619674683 9.702445030212402 3.0097708702087402
		endloop
	endfacet
	facet normal -0.13045756458182237 0.9838468372578374 0.12258150211647101
		outer loop
			vertex -2 9.788285255432129 2.011174440383911
			vertex -2.9930479526519775 9.656607627868652 2.011174440383911
			vertex -2.9940431118011475 9.576571464538574 2.6524906158447266
		endloop
	endfacet
	facet normal -0.011043738361335062 0.9831300049583608 0.18257444835896375
		outer loop
			vertex -0.49737924337387085 9.754877090454102 3.0097708702087402
			vertex -0.4821467101573944 9.576571464538574 3.9708354473114014
			vertex 1.0327637250712347e-14 9.576571464538574 4
		endloop
	endfacet
	facet normal -0.03350428778228322 0.9825739907115213 0.18282728318671984
		outer loop
			vertex -0.49737924337387085 9.754877090454102 3.0097708702087402
			vertex -0.9572626352310181 9.576571464538574 3.8837673664093018
			vertex -0.4821467101573944 9.576571464538574 3.9708354473114014
		endloop
	endfacet
	facet normal -0.05191052765123547 0.983494782970742 0.17333005794813408
		outer loop
			vertex -0.49737924337387085 9.754877090454102 3.0097708702087402
			vertex -1.4907549619674683 9.702445030212402 3.0097708702087402
			vertex -0.9572626352310181 9.576571464538574 3.8837673664093018
		endloop
	endfacet
	facet normal -0.13142275962199212 0.9911291738767427 0.019774198940683874
		outer loop
			vertex -2.507854700088501 9.807897567749023 1.0069869756698608
			vertex -2.011174440383911 9.893847465515137 0
			vertex -3.0097708702087402 9.761434555053711 0
		endloop
	endfacet
	facet normal -0.15745223285108723 0.9869770856808829 0.032939743640139324
		outer loop
			vertex -2.507854700088501 9.807897567749023 1.0069869756698608
			vertex -3.0097708702087402 9.761434555053711 0
			vertex -3.501230478286743 9.64942455291748 1.0069869756698608
		endloop
	endfacet
	facet normal -0.15712350037871534 0.9849164517243157 0.07246922623792676
		outer loop
			vertex -2.507854700088501 9.807897567749023 1.0069869756698608
			vertex -3.501230478286743 9.64942455291748 1.0069869756698608
			vertex -2.9930479526519775 9.656607627868652 2.011174440383911
		endloop
	endfacet
	facet normal -0.13096726625858032 0.9876907568053988 0.08552510795043179
		outer loop
			vertex -2.507854700088501 9.807897567749023 1.0069869756698608
			vertex -2.9930479526519775 9.656607627868652 2.011174440383911
			vertex -2 9.788285255432129 2.011174440383911
		endloop
	endfacet
	facet normal -0.07839677594546993 0.9890546613779403 0.1249992893096741
		outer loop
			vertex -1.0013920068740845 9.867439270019531 2.011174440383911
			vertex -2 9.788285255432129 2.011174440383911
			vertex -1.4907549619674683 9.702445030212402 3.0097708702087402
		endloop
	endfacet
	facet normal -0.05220521719117458 0.9890779592211044 0.13783833240807072
		outer loop
			vertex -1.0013920068740845 9.867439270019531 2.011174440383911
			vertex -1.4907549619674683 9.702445030212402 3.0097708702087402
			vertex -0.49737924337387085 9.754877090454102 3.0097708702087402
		endloop
	endfacet
	facet normal 0.03350428778228322 0.9825739907115213 0.18282728318671984
		outer loop
			vertex 0.49737924337387085 9.754877090454102 3.0097708702087402
			vertex 0.4821467101573944 9.576571464538574 3.9708354473114014
			vertex 0.9572626352310181 9.576571464538574 3.8837673664093018
		endloop
	endfacet
	facet normal 0.011043738361335535 0.9831300049583608 0.18257444835896372
		outer loop
			vertex 0.49737924337387085 9.754877090454102 3.0097708702087402
			vertex 1.0327637250712347e-14 9.576571464538574 4
			vertex 0.4821467101573944 9.576571464538574 3.9708354473114014
		endloop
	endfacet
	facet normal 0 0.9841721655190935 0.1772149785358403
		outer loop
			vertex 0.49737924337387085 9.754877090454102 3.0097708702087402
			vertex -0.49737924337387085 9.754877090454102 3.0097708702087402
			vertex 1.0327637250712347e-14 9.576571464538574 4
		endloop
	endfacet
	facet normal -0.07900131395485079 0.996678368569703 0.01977427669075561
		outer loop
			vertex -1.507507085800171 9.91379165649414 1.0069869756698608
			vertex -1.0069869756698608 9.973443984985352 0
			vertex -2.011174440383911 9.893847465515137 0
		endloop
	endfacet
	facet normal -0.07872700164585122 0.9932207927568136 0.0855249440068859
		outer loop
			vertex -1.507507085800171 9.91379165649414 1.0069869756698608
			vertex -2 9.788285255432129 2.011174440383911
			vertex -1.0013920068740845 9.867439270019531 2.011174440383911
		endloop
	endfacet
	facet normal -0.10499233260027815 0.9918290121751298 0.072469446685201
		outer loop
			vertex -1.507507085800171 9.91379165649414 1.0069869756698608
			vertex -2.507854700088501 9.807897567749023 1.0069869756698608
			vertex -2 9.788285255432129 2.011174440383911
		endloop
	endfacet
	facet normal -0.10521200063268843 0.9939041458748583 0.032939091299480264
		outer loop
			vertex -1.507507085800171 9.91379165649414 1.0069869756698608
			vertex -2.011174440383911 9.893847465515137 0
			vertex -2.507854700088501 9.807897567749023 1.0069869756698608
		endloop
	endfacet
	facet normal -0.026155558683002064 0.9918120836708827 0.12499870973094995
		outer loop
			vertex 6.033751955372441e-15 9.893847465515137 2.011174440383911
			vertex -1.0013920068740845 9.867439270019531 2.011174440383911
			vertex -0.49737924337387085 9.754877090454102 3.0097708702087402
		endloop
	endfacet
	facet normal 0 0.9904548777605068 0.1378373502372269
		outer loop
			vertex 6.033751955372441e-15 9.893847465515137 2.011174440383911
			vertex -0.49737924337387085 9.754877090454102 3.0097708702087402
			vertex 0.49737924337387085 9.754877090454102 3.0097708702087402
		endloop
	endfacet
	facet normal 0.09897641694555831 0.981527963323126 0.16372698648474335
		outer loop
			vertex 1.4907549619674683 9.702445030212402 3.0097708702087402
			vertex 1.8588926792144775 9.576571464538574 3.5418241024017334
			vertex 2.272258996963501 9.576571464538574 3.291935443878174
		endloop
	endfacet
	facet normal 0.0796487539747924 0.9809876984596064 0.17697234660021685
		outer loop
			vertex 1.4907549619674683 9.702445030212402 3.0097708702087402
			vertex 1.418419599533081 9.576571464538574 3.740064859390259
			vertex 1.8588926792144775 9.576571464538574 3.5418241024017334
		endloop
	endfacet
	facet normal 0.054482943705396344 0.9830879883883473 0.1748416881974875
		outer loop
			vertex 1.4907549619674683 9.702445030212402 3.0097708702087402
			vertex 0.9572626352310181 9.576571464538574 3.8837673664093018
			vertex 1.418419599533081 9.576571464538574 3.740064859390259
		endloop
	endfacet
	facet normal 0.05191052765123547 0.983494782970742 0.17333005794813408
		outer loop
			vertex 1.4907549619674683 9.702445030212402 3.0097708702087402
			vertex 0.49737924337387085 9.754877090454102 3.0097708702087402
			vertex 0.9572626352310181 9.576571464538574 3.8837673664093018
		endloop
	endfacet
	facet normal -0.026357435687653988 0.9994569755621671 0.019774720834865908
		outer loop
			vertex -0.502968430519104 9.966812133789062 1.0069869756698608
			vertex 1.8003258389284738e-14 10 0
			vertex -1.0069869756698608 9.973443984985352 0
		endloop
	endfacet
	facet normal -0.05256897209415416 0.9959843296625187 0.0724687397411302
		outer loop
			vertex -0.502968430519104 9.966812133789062 1.0069869756698608
			vertex -1.507507085800171 9.91379165649414 1.0069869756698608
			vertex -1.0013920068740845 9.867439270019531 2.011174440383911
		endloop
	endfacet
	facet normal -0.05267895404556514 0.9980680740422803 0.03294005734965865
		outer loop
			vertex -0.502968430519104 9.966812133789062 1.0069869756698608
			vertex -1.0069869756698608 9.973443984985352 0
			vertex -1.507507085800171 9.91379165649414 1.0069869756698608
		endloop
	endfacet
	facet normal -0.026265730534497905 0.9959897720513257 0.08552476465116798
		outer loop
			vertex -0.502968430519104 9.966812133789062 1.0069869756698608
			vertex -1.0013920068740845 9.867439270019531 2.011174440383911
			vertex 6.033751955372441e-15 9.893847465515137 2.011174440383911
		endloop
	endfacet
	facet normal 0.026155558683002376 0.9918120836708826 0.1249987097309501
		outer loop
			vertex 1.0013920068740845 9.867439270019531 2.011174440383911
			vertex 6.033751955372441e-15 9.893847465515137 2.011174440383911
			vertex 0.49737924337387085 9.754877090454102 3.0097708702087402
		endloop
	endfacet
	facet normal 0.05220521719117458 0.9890779592211044 0.13783833240807072
		outer loop
			vertex 1.0013920068740845 9.867439270019531 2.011174440383911
			vertex 0.49737924337387085 9.754877090454102 3.0097708702087402
			vertex 1.4907549619674683 9.702445030212402 3.0097708702087402
		endloop
	endfacet
	facet normal 0.10407268997612754 0.9831424645409658 0.1503321975408098
		outer loop
			vertex 2.4799864292144775 9.59772777557373 3.0097708702087402
			vertex 1.4907549619674683 9.702445030212402 3.0097708702087402
			vertex 2.272258996963501 9.576571464538574 3.291935443878174
		endloop
	endfacet
	facet normal 0.13255348096420191 0.9822724415194319 0.13255348096420191
		outer loop
			vertex 2.4799864292144775 9.59772777557373 3.0097708702087402
			vertex 2.6524906158447266 9.576571464538574 2.9940431118011475
			vertex 2.9940431118011475 9.576571464538574 2.6524906158447266
		endloop
	endfacet
	facet normal 0.13540760119526468 0.9755986927387915 0.17283510136805402
		outer loop
			vertex 2.4799864292144775 9.59772777557373 3.0097708702087402
			vertex 2.272258996963501 9.576571464538574 3.291935443878174
			vertex 2.6524906158447266 9.576571464538574 2.9940431118011475
		endloop
	endfacet
	facet normal 0.02635743568765494 0.9994569755621671 0.01977472083486638
		outer loop
			vertex 0.502968430519104 9.966812133789062 1.0069869756698608
			vertex 1.0069869756698608 9.973443984985352 -1.2332033411903144e-16
			vertex 1.8003258389284738e-14 10 0
		endloop
	endfacet
	facet normal 0 0.9994573405930584 0.03293970756779331
		outer loop
			vertex 0.502968430519104 9.966812133789062 1.0069869756698608
			vertex 1.8003258389284738e-14 10 0
			vertex -0.502968430519104 9.966812133789062 1.0069869756698608
		endloop
	endfacet
	facet normal 0 0.9973706395252517 0.07246935499223324
		outer loop
			vertex 0.502968430519104 9.966812133789062 1.0069869756698608
			vertex -0.502968430519104 9.966812133789062 1.0069869756698608
			vertex 6.033751955372441e-15 9.893847465515137 2.011174440383911
		endloop
	endfacet
	facet normal 0.026265730534498218 0.9959897720513256 0.08552476465116782
		outer loop
			vertex 0.502968430519104 9.966812133789062 1.0069869756698608
			vertex 6.033751955372441e-15 9.893847465515137 2.011174440383911
			vertex 1.0013920068740845 9.867439270019531 2.011174440383911
		endloop
	endfacet
	facet normal 0.1281426183424316 0.9837035212523512 0.12612236772306118
		outer loop
			vertex 2 9.788285255432129 2.011174440383911
			vertex 2.4799864292144775 9.59772777557373 3.0097708702087402
			vertex 2.9940431118011475 9.576571464538574 2.6524906158447266
		endloop
	endfacet
	facet normal 0.10426420096505501 0.9849516095307228 0.13783796022851352
		outer loop
			vertex 2 9.788285255432129 2.011174440383911
			vertex 1.4907549619674683 9.702445030212402 3.0097708702087402
			vertex 2.4799864292144775 9.59772777557373 3.0097708702087402
		endloop
	endfacet
	facet normal 0.07839677594546993 0.9890546613779403 0.1249992893096741
		outer loop
			vertex 2 9.788285255432129 2.011174440383911
			vertex 1.0013920068740845 9.867439270019531 2.011174440383911
			vertex 1.4907549619674683 9.702445030212402 3.0097708702087402
		endloop
	endfacet
	facet normal 0.07900131395485079 0.996678368569703 0.019774276690755606
		outer loop
			vertex 1.507507085800171 9.91379165649414 1.0069869756698608
			vertex 2.011174440383911 9.893847465515137 -2.462978581224413e-16
			vertex 1.0069869756698608 9.973443984985352 -1.2332033411903144e-16
		endloop
	endfacet
	facet normal 0.05256897209415416 0.9959843296625187 0.0724687397411302
		outer loop
			vertex 1.507507085800171 9.91379165649414 1.0069869756698608
			vertex 0.502968430519104 9.966812133789062 1.0069869756698608
			vertex 1.0013920068740845 9.867439270019531 2.011174440383911
		endloop
	endfacet
	facet normal 0.05267895404556514 0.9980680740422803 0.032940057349658644
		outer loop
			vertex 1.507507085800171 9.91379165649414 1.0069869756698608
			vertex 1.0069869756698608 9.973443984985352 -1.2332033411903144e-16
			vertex 0.502968430519104 9.966812133789062 1.0069869756698608
		endloop
	endfacet
	facet normal 0.07872700164585122 0.9932207927568136 0.0855249440068859
		outer loop
			vertex 1.507507085800171 9.91379165649414 1.0069869756698608
			vertex 1.0013920068740845 9.867439270019531 2.011174440383911
			vertex 2 9.788285255432129 2.011174440383911
		endloop
	endfacet
	facet normal 0.13045756458182237 0.9838468372578374 0.12258150211647101
		outer loop
			vertex 2.9930479526519775 9.656607627868652 2.011174440383911
			vertex 2 9.788285255432129 2.011174440383911
			vertex 2.9940431118011475 9.576571464538574 2.6524906158447266
		endloop
	endfacet
	facet normal 0.17167924021450542 0.9796709536946973 0.10378372206802293
		outer loop
			vertex 2.9930479526519775 9.656607627868652 2.011174440383911
			vertex 3.291935443878174 9.576571464538574 2.272258996963501
			vertex 3.5418241024017334 9.576571464538574 1.8588926792144775
		endloop
	endfacet
	facet normal 0.15583408014487654 0.9802092742907439 0.12208815691873447
		outer loop
			vertex 2.9930479526519775 9.656607627868652 2.011174440383911
			vertex 2.9940431118011475 9.576571464538574 2.6524906158447266
			vertex 3.291935443878174 9.576571464538574 2.272258996963501
		endloop
	endfacet
	facet normal 0.13142275962199212 0.9911291738767427 0.019774198940683867
		outer loop
			vertex 2.507854700088501 9.807897567749023 1.0069869756698608
			vertex 3.0097708702087402 9.761434555053711 -3.6859062216244506e-16
			vertex 2.011174440383911 9.893847465515137 -2.462978581224413e-16
		endloop
	endfacet
	facet normal 0.13096726625858032 0.9876907568053988 0.08552510795043179
		outer loop
			vertex 2.507854700088501 9.807897567749023 1.0069869756698608
			vertex 2 9.788285255432129 2.011174440383911
			vertex 2.9930479526519775 9.656607627868652 2.011174440383911
		endloop
	endfacet
	facet normal 0.10499233260027815 0.9918290121751298 0.072469446685201
		outer loop
			vertex 2.507854700088501 9.807897567749023 1.0069869756698608
			vertex 1.507507085800171 9.91379165649414 1.0069869756698608
			vertex 2 9.788285255432129 2.011174440383911
		endloop
	endfacet
	facet normal 0.10521200063268843 0.9939041458748583 0.03293909129948026
		outer loop
			vertex 2.507854700088501 9.807897567749023 1.0069869756698608
			vertex 2.011174440383911 9.893847465515137 -2.462978581224413e-16
			vertex 1.507507085800171 9.91379165649414 1.0069869756698608
		endloop
	endfacet
	facet normal 0.1778915194278703 0.9837903233981625 0.02260988508998736
		outer loop
			vertex 3.501230478286743 9.64942455291748 1.0069869756698608
			vertex 3.9708354473114014 9.576571464538574 0.4821467101573944
			vertex 3.0097708702087402 9.761434555053711 -3.6859062216244506e-16
		endloop
	endfacet
	facet normal 0.1913666367986208 0.9808919221538608 0.035069179826298404
		outer loop
			vertex 3.501230478286743 9.64942455291748 1.0069869756698608
			vertex 3.8837673664093018 9.576571464538574 0.9572626352310181
			vertex 3.9708354473114014 9.576571464538574 0.4821467101573944
		endloop
	endfacet
	facet normal 0.16458602659411323 0.9834105880267365 0.0762565092754077
		outer loop
			vertex 3.501230478286743 9.64942455291748 1.0069869756698608
			vertex 2.9930479526519775 9.656607627868652 2.011174440383911
			vertex 3.5418241024017334 9.576571464538574 1.8588926792144775
		endloop
	endfacet
	facet normal 0.19433165045201026 0.9790649354714444 0.06055626939379885
		outer loop
			vertex 3.501230478286743 9.64942455291748 1.0069869756698608
			vertex 3.740064859390259 9.576571464538574 1.418419599533081
			vertex 3.8837673664093018 9.576571464538574 0.9572626352310181
		endloop
	endfacet
	facet normal 0.16885009406404045 0.9827078280326985 0.07599322639433675
		outer loop
			vertex 3.501230478286743 9.64942455291748 1.0069869756698608
			vertex 3.5418241024017334 9.576571464538574 1.8588926792144775
			vertex 3.740064859390259 9.576571464538574 1.418419599533081
		endloop
	endfacet
	facet normal 0.15745223285108725 0.9869770856808829 0.03293974364013931
		outer loop
			vertex 3.501230478286743 9.64942455291748 1.0069869756698608
			vertex 3.0097708702087402 9.761434555053711 -3.6859062216244506e-16
			vertex 2.507854700088501 9.807897567749023 1.0069869756698608
		endloop
	endfacet
	facet normal 0.15712350037871534 0.9849164517243157 0.07246922623792676
		outer loop
			vertex 3.501230478286743 9.64942455291748 1.0069869756698608
			vertex 2.507854700088501 9.807897567749023 1.0069869756698608
			vertex 2.9930479526519775 9.656607627868652 2.011174440383911
		endloop
	endfacet
	facet normal 0 1 0
		outer loop
			vertex 3 0.30000001192092896 4.25
			vertex -3 0.30000001192092896 6.25
			vertex 3 0.30000001192092896 6.25
		endloop
	endfacet
	facet normal 0 1 0
		outer loop
			vertex 3 0.30000001192092896 4.25
			vertex -3 0.30000001192092896 4.25
			vertex -3 0.30000001192092896 6.25
		endloop
	endfacet
	facet normal 0 0.8832119832923787 0.46897397856250295
		outer loop
			vertex -3 -0.4615384638309479 9.04230785369873
			vertex 3 -0.4615384638309479 9.04230785369873
			vertex 3 -0.2326938807964325 8.611328125
		endloop
	endfacet
	facet normal 0 0.8832119832923787 0.46897397856250295
		outer loop
			vertex -3 -0.2326938807964325 8.611328125
			vertex -3 -0.4615384638309479 9.04230785369873
			vertex 3 -0.2326938807964325 8.611328125
		endloop
	endfacet
	facet normal 0 0.9213029876853268 0.3888454768697852
		outer loop
			vertex -3 -0.04294953495264053 8.161761283874512
			vertex 3 -0.2326938807964325 8.611328125
			vertex 3 -0.04294953495264053 8.161761283874512
		endloop
	endfacet
	facet normal 0 0.9213029876853268 0.3888454768697852
		outer loop
			vertex -3 -0.04294953495264053 8.161761283874512
			vertex -3 -0.2326938807964325 8.611328125
			vertex 3 -0.2326938807964325 8.611328125
		endloop
	endfacet
	facet normal 0 0.9521419880399818 0.30565607242662635
		outer loop
			vertex -3 0.10620101541280746 7.697145938873291
			vertex 3 -0.04294953495264053 8.161761283874512
			vertex 3 0.10620101541280746 7.697145938873291
		endloop
	endfacet
	facet normal 0 0.9521419880399818 0.30565607242662635
		outer loop
			vertex -3 0.10620101541280746 7.697145938873291
			vertex -3 -0.04294953495264053 8.161761283874512
			vertex 3 -0.04294953495264053 8.161761283874512
		endloop
	endfacet
	facet normal 0 0.9754862180358679 0.22006053354038577
		outer loop
			vertex -3 0.21358372271060944 7.221138954162598
			vertex 3 0.10620101541280746 7.697145938873291
			vertex 3 0.21358372271060944 7.221138954162598
		endloop
	endfacet
	facet normal 0 0.9754862180358679 0.22006053354038577
		outer loop
			vertex -3 0.21358372271060944 7.221138954162598
			vertex -3 0.10620101541280746 7.697145938873291
			vertex 3 0.10620101541280746 7.697145938873291
		endloop
	endfacet
	facet normal 0 0.9911517998452297 0.132733227428409
		outer loop
			vertex -3 0.27835333347320557 6.737488269805908
			vertex 3 0.21358372271060944 7.221138954162598
			vertex 3 0.27835333347320557 6.737488269805908
		endloop
	endfacet
	facet normal 0 0.9911517998452297 0.132733227428409
		outer loop
			vertex -3 0.27835333347320557 6.737488269805908
			vertex -3 0.21358372271060944 7.221138954162598
			vertex 3 0.21358372271060944 7.221138954162598
		endloop
	endfacet
	facet normal 0 0.9990155752309464 0.04436079852732001
		outer loop
			vertex -3 0.30000001192092896 6.25
			vertex 3 0.27835333347320557 6.737488269805908
			vertex 3 0.30000001192092896 6.25
		endloop
	endfacet
	facet normal 0 0.9990155752309464 0.04436079852732001
		outer loop
			vertex -3 0.30000001192092896 6.25
			vertex -3 0.27835333347320557 6.737488269805908
			vertex 3 0.27835333347320557 6.737488269805908
		endloop
	endfacet
	facet normal 0 0.8873393815344958 0.4611169287479899
		outer loop
			vertex -3 -0.7233312129974365 9.546082496643066
			vertex 3 -0.4615384638309479 9.04230785369873
			vertex -3 -0.4615384638309479 9.04230785369873
		endloop
	endfacet
	facet normal 0 0.8873393815344958 0.4611169287479899
		outer loop
			vertex -3 -0.7233312129974365 9.546082496643066
			vertex 3 -0.7233312129974365 9.546082496643066
			vertex 3 -0.4615384638309479 9.04230785369873
		endloop
	endfacet
	facet normal 0 0.931328318261626 0.36418067439661267
		outer loop
			vertex -3 -0.9300896525382996 10.074831008911133
			vertex 3 -0.9300896525382996 10.074831008911133
			vertex 3 -0.7233312129974365 9.546082496643066
		endloop
	endfacet
	facet normal 0 0.931328318261626 0.36418067439661267
		outer loop
			vertex -3 -0.9300896525382996 10.074831008911133
			vertex 3 -0.7233312129974365 9.546082496643066
			vertex -3 -0.7233312129974365 9.546082496643066
		endloop
	endfacet
	facet normal 0 0.9647637364407502 0.2631177167141792
		outer loop
			vertex -3 -1.0794708728790283 10.62256145477295
			vertex 3 -1.0794708728790283 10.62256145477295
			vertex 3 -0.9300896525382996 10.074831008911133
		endloop
	endfacet
	facet normal 0 0.9872669114054496 0.1590724540702887
		outer loop
			vertex -3 -1.0794708728790283 10.62256145477295
			vertex 3 -1.1697821617126465 11.183069229125977
			vertex 3 -1.0794708728790283 10.62256145477295
		endloop
	endfacet
	facet normal 0 0.9647637364407502 0.2631177167141792
		outer loop
			vertex -3 -1.0794708728790283 10.62256145477295
			vertex 3 -0.9300896525382996 10.074831008911133
			vertex -3 -0.9300896525382996 10.074831008911133
		endloop
	endfacet
	facet normal 0 0.9872669114054496 0.1590724540702887
		outer loop
			vertex -3 -1.1697821617126465 11.183069229125977
			vertex 3 -1.1697821617126465 11.183069229125977
			vertex -3 -1.0794708728790283 10.62256145477295
		endloop
	endfacet
	facet normal 0 0.9985825297982519 0.0532252870515837
		outer loop
			vertex -3 -1.2000000476837158 11.75
			vertex 3 -1.2000000476837158 11.75
			vertex 3 -1.1697821617126465 11.183069229125977
		endloop
	endfacet
	facet normal 0 0.9985825297982519 0.0532252870515837
		outer loop
			vertex -3 -1.2000000476837158 11.75
			vertex 3 -1.1697821617126465 11.183069229125977
			vertex -3 -1.1697821617126465 11.183069229125977
		endloop
	endfacet
	facet normal 0 0 1
		outer loop
			vertex -6.25 -1.2000000476837158 16.75
			vertex 6.25 -1.2999999523162842 16.75
			vertex 6.25 -1.2000000476837158 16.75
		endloop
	endfacet
	facet normal 0 0 1
		outer loop
			vertex -6.25 -1.2000000476837158 16.75
			vertex -6.25 -1.2999999523162842 16.75
			vertex 6.25 -1.2999999523162842 16.75
		endloop
	endfacet
	facet normal 0 -1 0
		outer loop
			vertex -6.25 -1.2999999523162842 16.75
			vertex -6.25 -1.2999999523162842 12.149999618530273
			vertex -3 -1.2999999523162842 12.149999618530273
		endloop
	endfacet
	facet normal 0 -1 0
		outer loop
			vertex 3 -1.2999999523162842 12.149999618530273
			vertex -3 -1.2999999523162842 11.75
			vertex 3 -1.2999999523162842 11.75
		endloop
	endfacet
	facet normal 0 -1 0
		outer loop
			vertex 3 -1.2999999523162842 12.149999618530273
			vertex -3 -1.2999999523162842 12.149999618530273
			vertex -3 -1.2999999523162842 11.75
		endloop
	endfacet
	facet normal 0 -1 0
		outer loop
			vertex 6.25 -1.2999999523162842 16.75
			vertex 3 -1.2999999523162842 12.149999618530273
			vertex 6.25 -1.2999999523162842 12.149999618530273
		endloop
	endfacet
	facet normal 0 -1 0
		outer loop
			vertex 6.25 -1.2999999523162842 16.75
			vertex -6.25 -1.2999999523162842 16.75
			vertex -3 -1.2999999523162842 12.149999618530273
		endloop
	endfacet
	facet normal 0 -1 0
		outer loop
			vertex 6.25 -1.2999999523162842 16.75
			vertex -3 -1.2999999523162842 12.149999618530273
			vertex 3 -1.2999999523162842 12.149999618530273
		endloop
	endfacet
	facet normal 0 -0.8832123191306415 -0.4689733460825614
		outer loop
			vertex -3 -0.7737630009651184 9.4172945022583
			vertex -3 -0.5476922988891602 8.991538047790527
			vertex 3 -0.5476922988891602 8.991538047790527
		endloop
	endfacet
	facet normal 0 -0.8832123191306415 -0.4689733460825614
		outer loop
			vertex -3 -0.7737630009651184 9.4172945022583
			vertex 3 -0.5476922988891602 8.991538047790527
			vertex 3 -0.7737630009651184 9.4172945022583
		endloop
	endfacet
	facet normal 0 -0.9521419706477522 -0.3056561266047439
		outer loop
			vertex -3 -0.9612074494361877 9.861412048339844
			vertex 3 -0.9612074494361877 9.861412048339844
			vertex 3 -1.1085500717163086 10.320395469665527
		endloop
	endfacet
	facet normal 0 -0.921302962349375 -0.3888455368989933
		outer loop
			vertex -3 -0.9612074494361877 9.861412048339844
			vertex 3 -0.7737630009651184 9.4172945022583
			vertex 3 -0.9612074494361877 9.861412048339844
		endloop
	endfacet
	facet normal 0 -0.921302962349375 -0.3888455368989933
		outer loop
			vertex -3 -0.9612074494361877 9.861412048339844
			vertex -3 -0.7737630009651184 9.4172945022583
			vertex 3 -0.7737630009651184 9.4172945022583
		endloop
	endfacet
	facet normal 0 -0.9521419706477522 -0.3056561266047439
		outer loop
			vertex -3 -1.1085500717163086 10.320395469665527
			vertex -3 -0.9612074494361877 9.861412048339844
			vertex 3 -1.1085500717163086 10.320395469665527
		endloop
	endfacet
	facet normal 0 -0.9754861622685276 -0.22006078074618404
		outer loop
			vertex -3 -1.214631199836731 10.790632247924805
			vertex 3 -1.1085500717163086 10.320395469665527
			vertex 3 -1.214631199836731 10.790632247924805
		endloop
	endfacet
	facet normal 0 -0.9754861622685276 -0.22006078074618404
		outer loop
			vertex -3 -1.214631199836731 10.790632247924805
			vertex -3 -1.1085500717163086 10.320395469665527
			vertex 3 -1.1085500717163086 10.320395469665527
		endloop
	endfacet
	facet normal 0 -0.9990155782947467 -0.044360729529762256
		outer loop
			vertex -3 -1.2786157131195068 11.268421173095703
			vertex 3 -1.2786157131195068 11.268421173095703
			vertex 3 -1.2999999523162842 11.75
		endloop
	endfacet
	facet normal 0 -0.9911518275357079 -0.13273302065660525
		outer loop
			vertex -3 -1.2786157131195068 11.268421173095703
			vertex 3 -1.214631199836731 10.790632247924805
			vertex 3 -1.2786157131195068 11.268421173095703
		endloop
	endfacet
	facet normal 0 -0.9911518275357079 -0.13273302065660525
		outer loop
			vertex -3 -1.2786157131195068 11.268421173095703
			vertex -3 -1.214631199836731 10.790632247924805
			vertex 3 -1.214631199836731 10.790632247924805
		endloop
	endfacet
	facet normal 0 -0.9990155782947467 -0.044360729529762256
		outer loop
			vertex -3 -1.2999999523162842 11.75
			vertex -3 -1.2786157131195068 11.268421173095703
			vertex 3 -1.2999999523162842 11.75
		endloop
	endfacet
	facet normal 0 -0.8832118334619755 -0.4689742607358485
		outer loop
			vertex -3 -0.32300853729248047 8.568394660949707
			vertex 3 -0.5476922988891602 8.991538047790527
			vertex -3 -0.5476922988891602 8.991538047790527
		endloop
	endfacet
	facet normal 0 -0.8832118334619755 -0.4689742607358485
		outer loop
			vertex -3 -0.32300853729248047 8.568394660949707
			vertex 3 -0.32300853729248047 8.568394660949707
			vertex 3 -0.5476922988891602 8.991538047790527
		endloop
	endfacet
	facet normal 0 -0.9213029856594451 -0.38884548166976624
		outer loop
			vertex -3 -0.32300853729248047 8.568394660949707
			vertex 3 -0.13671408593654633 8.127001762390137
			vertex 3 -0.32300853729248047 8.568394660949707
		endloop
	endfacet
	facet normal 0 -0.9213029856594451 -0.38884548166976624
		outer loop
			vertex -3 -0.13671408593654633 8.127001762390137
			vertex 3 -0.13671408593654633 8.127001762390137
			vertex -3 -0.32300853729248047 8.568394660949707
		endloop
	endfacet
	facet normal 0 -0.9521419703789938 -0.30565612744194604
		outer loop
			vertex -3 0.009724634699523449 7.670834064483643
			vertex 3 0.009724634699523449 7.670834064483643
			vertex 3 -0.13671408593654633 8.127001762390137
		endloop
	endfacet
	facet normal 0 -0.97548617758041 -0.22006071287160917
		outer loop
			vertex -3 0.009724634699523449 7.670834064483643
			vertex 3 0.115154929459095 7.203482151031494
			vertex 3 0.009724634699523449 7.670834064483643
		endloop
	endfacet
	facet normal 0 -0.9521419703789938 -0.30565612744194604
		outer loop
			vertex -3 0.009724634699523449 7.670834064483643
			vertex 3 -0.13671408593654633 8.127001762390137
			vertex -3 -0.13671408593654633 8.127001762390137
		endloop
	endfacet
	facet normal 0 -0.9911518112430369 -0.13273314231813996
		outer loop
			vertex -3 0.115154929459095 7.203482151031494
			vertex 3 0.17874690890312195 6.7286248207092285
			vertex 3 0.115154929459095 7.203482151031494
		endloop
	endfacet
	facet normal 0 -0.97548617758041 -0.22006071287160917
		outer loop
			vertex -3 0.115154929459095 7.203482151031494
			vertex 3 0.115154929459095 7.203482151031494
			vertex -3 0.009724634699523449 7.670834064483643
		endloop
	endfacet
	facet normal 0 -0.9911518112430369 -0.13273314231813996
		outer loop
			vertex -3 0.17874690890312195 6.7286248207092285
			vertex 3 0.17874690890312195 6.7286248207092285
			vertex -3 0.115154929459095 7.203482151031494
		endloop
	endfacet
	facet normal 0 -0.9990155759010183 -0.04436078343714169
		outer loop
			vertex -3 0.20000000298023224 6.25
			vertex 3 0.20000000298023224 6.25
			vertex 3 0.17874690890312195 6.7286248207092285
		endloop
	endfacet
	facet normal 0 -0.9990155759010183 -0.04436078343714169
		outer loop
			vertex -3 0.20000000298023224 6.25
			vertex 3 0.17874690890312195 6.7286248207092285
			vertex -3 0.17874690890312195 6.7286248207092285
		endloop
	endfacet
	facet normal 0 -1 0
		outer loop
			vertex 3 0.20000000298023224 6.25
			vertex -3 0.20000000298023224 4.25
			vertex 3 0.20000000298023224 4.25
		endloop
	endfacet
	facet normal 0 -1 0
		outer loop
			vertex 3 0.20000000298023224 6.25
			vertex -3 0.20000000298023224 6.25
			vertex -3 0.20000000298023224 4.25
		endloop
	endfacet
	facet normal 1 0 0
		outer loop
			vertex 3 -1.2999999523162842 11.75
			vertex 3 -1.2000000476837158 12.149999618530273
			vertex 3 -1.2999999523162842 12.149999618530273
		endloop
	endfacet
	facet normal 1 0 0
		outer loop
			vertex 3 -1.2000000476837158 11.75
			vertex 3 -1.2000000476837158 12.149999618530273
			vertex 3 -1.2999999523162842 11.75
		endloop
	endfacet
	facet normal 1 0 0
		outer loop
			vertex 3 -1.2786157131195068 11.268421173095703
			vertex 3 -1.2000000476837158 11.75
			vertex 3 -1.2999999523162842 11.75
		endloop
	endfacet
	facet normal 1 0 0
		outer loop
			vertex 3 -1.1697821617126465 11.183069229125977
			vertex 3 -1.2000000476837158 11.75
			vertex 3 -1.2786157131195068 11.268421173095703
		endloop
	endfacet
	facet normal 1 0 0
		outer loop
			vertex 3 -1.214631199836731 10.790632247924805
			vertex 3 -1.1697821617126465 11.183069229125977
			vertex 3 -1.2786157131195068 11.268421173095703
		endloop
	endfacet
	facet normal 1 0 0
		outer loop
			vertex 3 -1.0794708728790283 10.62256145477295
			vertex 3 -1.1697821617126465 11.183069229125977
			vertex 3 -1.214631199836731 10.790632247924805
		endloop
	endfacet
	facet normal 1 0 0
		outer loop
			vertex 3 -1.1085500717163086 10.320395469665527
			vertex 3 -1.0794708728790283 10.62256145477295
			vertex 3 -1.214631199836731 10.790632247924805
		endloop
	endfacet
	facet normal 1 0 0
		outer loop
			vertex 3 -0.9300896525382996 10.074831008911133
			vertex 3 -1.0794708728790283 10.62256145477295
			vertex 3 -1.1085500717163086 10.320395469665527
		endloop
	endfacet
	facet normal 1 0 0
		outer loop
			vertex 3 -0.9612074494361877 9.861412048339844
			vertex 3 -0.9300896525382996 10.074831008911133
			vertex 3 -1.1085500717163086 10.320395469665527
		endloop
	endfacet
	facet normal 1 0 0
		outer loop
			vertex 3 -0.7233312129974365 9.546082496643066
			vertex 3 -0.9300896525382996 10.074831008911133
			vertex 3 -0.9612074494361877 9.861412048339844
		endloop
	endfacet
	facet normal 1 0 0
		outer loop
			vertex 3 -0.7737630009651184 9.4172945022583
			vertex 3 -0.7233312129974365 9.546082496643066
			vertex 3 -0.9612074494361877 9.861412048339844
		endloop
	endfacet
	facet normal 1 0 0
		outer loop
			vertex 3 -0.4615384638309479 9.04230785369873
			vertex 3 -0.7737630009651184 9.4172945022583
			vertex 3 -0.5476922988891602 8.991538047790527
		endloop
	endfacet
	facet normal 1 0 0
		outer loop
			vertex 3 -0.4615384638309479 9.04230785369873
			vertex 3 -0.7233312129974365 9.546082496643066
			vertex 3 -0.7737630009651184 9.4172945022583
		endloop
	endfacet
	facet normal 1 0 0
		outer loop
			vertex 3 -0.32300853729248047 8.568394660949707
			vertex 3 -0.4615384638309479 9.04230785369873
			vertex 3 -0.5476922988891602 8.991538047790527
		endloop
	endfacet
	facet normal 1 0 0
		outer loop
			vertex 3 -0.2326938807964325 8.611328125
			vertex 3 -0.4615384638309479 9.04230785369873
			vertex 3 -0.32300853729248047 8.568394660949707
		endloop
	endfacet
	facet normal 1 0 0
		outer loop
			vertex 3 -0.04294953495264053 8.161761283874512
			vertex 3 -0.32300853729248047 8.568394660949707
			vertex 3 -0.13671408593654633 8.127001762390137
		endloop
	endfacet
	facet normal 1 0 0
		outer loop
			vertex 3 -0.04294953495264053 8.161761283874512
			vertex 3 -0.2326938807964325 8.611328125
			vertex 3 -0.32300853729248047 8.568394660949707
		endloop
	endfacet
	facet normal 1 0 0
		outer loop
			vertex 3 0.10620101541280746 7.697145938873291
			vertex 3 -0.13671408593654633 8.127001762390137
			vertex 3 0.009724634699523449 7.670834064483643
		endloop
	endfacet
	facet normal 1 0 0
		outer loop
			vertex 3 0.10620101541280746 7.697145938873291
			vertex 3 -0.04294953495264053 8.161761283874512
			vertex 3 -0.13671408593654633 8.127001762390137
		endloop
	endfacet
	facet normal 1 0 0
		outer loop
			vertex 3 0.21358372271060944 7.221138954162598
			vertex 3 0.009724634699523449 7.670834064483643
			vertex 3 0.115154929459095 7.203482151031494
		endloop
	endfacet
	facet normal 1 0 0
		outer loop
			vertex 3 0.21358372271060944 7.221138954162598
			vertex 3 0.10620101541280746 7.697145938873291
			vertex 3 0.009724634699523449 7.670834064483643
		endloop
	endfacet
	facet normal 1 0 0
		outer loop
			vertex 3 0.17874690890312195 6.7286248207092285
			vertex 3 0.21358372271060944 7.221138954162598
			vertex 3 0.115154929459095 7.203482151031494
		endloop
	endfacet
	facet normal 1 0 0
		outer loop
			vertex 3 0.27835333347320557 6.737488269805908
			vertex 3 0.21358372271060944 7.221138954162598
			vertex 3 0.17874690890312195 6.7286248207092285
		endloop
	endfacet
	facet normal 1 0 0
		outer loop
			vertex 3 0.20000000298023224 6.25
			vertex 3 0.27835333347320557 6.737488269805908
			vertex 3 0.17874690890312195 6.7286248207092285
		endloop
	endfacet
	facet normal 1 0 0
		outer loop
			vertex 3 0.30000001192092896 6.25
			vertex 3 0.27835333347320557 6.737488269805908
			vertex 3 0.20000000298023224 6.25
		endloop
	endfacet
	facet normal 1 0 0
		outer loop
			vertex 3 0.30000001192092896 4.25
			vertex 3 0.20000000298023224 6.25
			vertex 3 0.20000000298023224 4.25
		endloop
	endfacet
	facet normal 1 0 0
		outer loop
			vertex 3 0.30000001192092896 4.25
			vertex 3 0.30000001192092896 6.25
			vertex 3 0.20000000298023224 6.25
		endloop
	endfacet
	facet normal -1 0 0
		outer loop
			vertex -3 -1.2999999523162842 11.75
			vertex -3 -1.2999999523162842 12.149999618530273
			vertex -3 -1.2000000476837158 12.149999618530273
		endloop
	endfacet
	facet normal -1 0 0
		outer loop
			vertex -3 -1.2000000476837158 11.75
			vertex -3 -1.2999999523162842 11.75
			vertex -3 -1.2000000476837158 12.149999618530273
		endloop
	endfacet
	facet normal -1 0 0
		outer loop
			vertex -3 -1.2786157131195068 11.268421173095703
			vertex -3 -1.2999999523162842 11.75
			vertex -3 -1.2000000476837158 11.75
		endloop
	endfacet
	facet normal -1 0 0
		outer loop
			vertex -3 -1.1697821617126465 11.183069229125977
			vertex -3 -1.2786157131195068 11.268421173095703
			vertex -3 -1.2000000476837158 11.75
		endloop
	endfacet
	facet normal -1 0 0
		outer loop
			vertex -3 -1.214631199836731 10.790632247924805
			vertex -3 -1.2786157131195068 11.268421173095703
			vertex -3 -1.1697821617126465 11.183069229125977
		endloop
	endfacet
	facet normal -1 0 0
		outer loop
			vertex -3 -1.0794708728790283 10.62256145477295
			vertex -3 -1.214631199836731 10.790632247924805
			vertex -3 -1.1697821617126465 11.183069229125977
		endloop
	endfacet
	facet normal -1 0 0
		outer loop
			vertex -3 -1.1085500717163086 10.320395469665527
			vertex -3 -1.214631199836731 10.790632247924805
			vertex -3 -1.0794708728790283 10.62256145477295
		endloop
	endfacet
	facet normal -1 0 0
		outer loop
			vertex -3 -0.9300896525382996 10.074831008911133
			vertex -3 -1.1085500717163086 10.320395469665527
			vertex -3 -1.0794708728790283 10.62256145477295
		endloop
	endfacet
	facet normal -1 0 0
		outer loop
			vertex -3 -0.9612074494361877 9.861412048339844
			vertex -3 -1.1085500717163086 10.320395469665527
			vertex -3 -0.9300896525382996 10.074831008911133
		endloop
	endfacet
	facet normal -1 0 0
		outer loop
			vertex -3 -0.7233312129974365 9.546082496643066
			vertex -3 -0.9612074494361877 9.861412048339844
			vertex -3 -0.9300896525382996 10.074831008911133
		endloop
	endfacet
	facet normal -1 0 0
		outer loop
			vertex -3 -0.7737630009651184 9.4172945022583
			vertex -3 -0.9612074494361877 9.861412048339844
			vertex -3 -0.7233312129974365 9.546082496643066
		endloop
	endfacet
	facet normal -1 0 0
		outer loop
			vertex -3 -0.4615384638309479 9.04230785369873
			vertex -3 -0.5476922988891602 8.991538047790527
			vertex -3 -0.7737630009651184 9.4172945022583
		endloop
	endfacet
	facet normal -1 0 0
		outer loop
			vertex -3 -0.4615384638309479 9.04230785369873
			vertex -3 -0.7737630009651184 9.4172945022583
			vertex -3 -0.7233312129974365 9.546082496643066
		endloop
	endfacet
	facet normal -1 0 0
		outer loop
			vertex -3 -0.32300853729248047 8.568394660949707
			vertex -3 -0.5476922988891602 8.991538047790527
			vertex -3 -0.4615384638309479 9.04230785369873
		endloop
	endfacet
	facet normal -1 0 0
		outer loop
			vertex -3 -0.2326938807964325 8.611328125
			vertex -3 -0.32300853729248047 8.568394660949707
			vertex -3 -0.4615384638309479 9.04230785369873
		endloop
	endfacet
	facet normal -1 0 0
		outer loop
			vertex -3 -0.04294953495264053 8.161761283874512
			vertex -3 -0.13671408593654633 8.127001762390137
			vertex -3 -0.32300853729248047 8.568394660949707
		endloop
	endfacet
	facet normal -1 0 0
		outer loop
			vertex -3 -0.04294953495264053 8.161761283874512
			vertex -3 -0.32300853729248047 8.568394660949707
			vertex -3 -0.2326938807964325 8.611328125
		endloop
	endfacet
	facet normal -1 0 0
		outer loop
			vertex -3 0.10620101541280746 7.697145938873291
			vertex -3 0.009724634699523449 7.670834064483643
			vertex -3 -0.13671408593654633 8.127001762390137
		endloop
	endfacet
	facet normal -1 0 0
		outer loop
			vertex -3 0.10620101541280746 7.697145938873291
			vertex -3 -0.13671408593654633 8.127001762390137
			vertex -3 -0.04294953495264053 8.161761283874512
		endloop
	endfacet
	facet normal -1 0 0
		outer loop
			vertex -3 0.21358372271060944 7.221138954162598
			vertex -3 0.115154929459095 7.203482151031494
			vertex -3 0.009724634699523449 7.670834064483643
		endloop
	endfacet
	facet normal -1 0 0
		outer loop
			vertex -3 0.21358372271060944 7.221138954162598
			vertex -3 0.009724634699523449 7.670834064483643
			vertex -3 0.10620101541280746 7.697145938873291
		endloop
	endfacet
	facet normal -1 0 0
		outer loop
			vertex -3 0.17874690890312195 6.7286248207092285
			vertex -3 0.115154929459095 7.203482151031494
			vertex -3 0.21358372271060944 7.221138954162598
		endloop
	endfacet
	facet normal -1 0 0
		outer loop
			vertex -3 0.27835333347320557 6.737488269805908
			vertex -3 0.17874690890312195 6.7286248207092285
			vertex -3 0.21358372271060944 7.221138954162598
		endloop
	endfacet
	facet normal -1 0 0
		outer loop
			vertex -3 0.20000000298023224 6.25
			vertex -3 0.17874690890312195 6.7286248207092285
			vertex -3 0.27835333347320557 6.737488269805908
		endloop
	endfacet
	facet normal -1 0 0
		outer loop
			vertex -3 0.30000001192092896 6.25
			vertex -3 0.20000000298023224 6.25
			vertex -3 0.27835333347320557 6.737488269805908
		endloop
	endfacet
	facet normal -1 0 0
		outer loop
			vertex -3 0.30000001192092896 4.25
			vertex -3 0.20000000298023224 4.25
			vertex -3 0.20000000298023224 6.25
		endloop
	endfacet
	facet normal -1 0 0
		outer loop
			vertex -3 0.30000001192092896 4.25
			vertex -3 0.20000000298023224 6.25
			vertex -3 0.30000001192092896 6.25
		endloop
	endfacet
	facet normal -1 0 0
		outer loop
			vertex -6.25 -1.2000000476837158 16.75
			vertex -6.25 -1.2000000476837158 12.149999618530273
			vertex -6.25 -1.2999999523162842 12.149999618530273
		endloop
	endfacet
	facet normal -1 0 0
		outer loop
			vertex -6.25 -1.2000000476837158 16.75
			vertex -6.25 -1.2999999523162842 12.149999618530273
			vertex -6.25 -1.2999999523162842 16.75
		endloop
	endfacet
	facet normal 0 0 -1
		outer loop
			vertex -3 -1.2000000476837158 12.149999618530273
			vertex -3 -1.2999999523162842 12.149999618530273
			vertex -6.25 -1.2999999523162842 12.149999618530273
		endloop
	endfacet
	facet normal 0 0 -1
		outer loop
			vertex -3 -1.2000000476837158 12.149999618530273
			vertex -6.25 -1.2999999523162842 12.149999618530273
			vertex -6.25 -1.2000000476837158 12.149999618530273
		endloop
	endfacet
	facet normal 1 0 0
		outer loop
			vertex 6.25 -1.2999999523162842 12.149999618530273
			vertex 6.25 -1.2000000476837158 16.75
			vertex 6.25 -1.2999999523162842 16.75
		endloop
	endfacet
	facet normal 1 0 0
		outer loop
			vertex 6.25 -1.2000000476837158 12.149999618530273
			vertex 6.25 -1.2000000476837158 16.75
			vertex 6.25 -1.2999999523162842 12.149999618530273
		endloop
	endfacet
	facet normal 0 0 -1
		outer loop
			vertex 6.25 -1.2000000476837158 12.149999618530273
			vertex 6.25 -1.2999999523162842 12.149999618530273
			vertex 3 -1.2999999523162842 12.149999618530273
		endloop
	endfacet
	facet normal 0 0 -1
		outer loop
			vertex 6.25 -1.2000000476837158 12.149999618530273
			vertex 3 -1.2999999523162842 12.149999618530273
			vertex 3 -1.2000000476837158 12.149999618530273
		endloop
	endfacet
	facet normal -1 0 0
		outer loop
			vertex -6.239999771118164 -1 12.15999984741211
			vertex -6.239999771118164 -1.2000000476837158 16.739999771118164
			vertex -6.239999771118164 -1 16.739999771118164
		endloop
	endfacet
	facet normal -1 0 0
		outer loop
			vertex -6.239999771118164 -1 12.15999984741211
			vertex -6.239999771118164 -1.2000000476837158 12.15999984741211
			vertex -6.239999771118164 -1.2000000476837158 16.739999771118164
		endloop
	endfacet
	facet normal 0 0 1
		outer loop
			vertex -6.239999771118164 -1 16.739999771118164
			vertex 6.239999771118164 -1.2000000476837158 16.739999771118164
			vertex 6.239999771118164 -1 16.739999771118164
		endloop
	endfacet
	facet normal 0 0 1
		outer loop
			vertex -6.239999771118164 -1 16.739999771118164
			vertex -6.239999771118164 -1.2000000476837158 16.739999771118164
			vertex 6.239999771118164 -1.2000000476837158 16.739999771118164
		endloop
	endfacet
	facet normal 1 0 0
		outer loop
			vertex 6.239999771118164 -1 16.739999771118164
			vertex 6.239999771118164 -1.2000000476837158 12.15999984741211
			vertex 6.239999771118164 -1 12.15999984741211
		endloop
	endfacet
	facet normal 1 0 0
		outer loop
			vertex 6.239999771118164 -1 16.739999771118164
			vertex 6.239999771118164 -1.2000000476837158 16.739999771118164
			vertex 6.239999771118164 -1.2000000476837158 12.15999984741211
		endloop
	endfacet
	facet normal 0 0 -1
		outer loop
			vertex 6.239999771118164 -1.2000000476837158 12.15999984741211
			vertex -6.239999771118164 -1 12.15999984741211
			vertex 6.239999771118164 -1 12.15999984741211
		endloop
	endfacet
	facet normal 0 0 -1
		outer loop
			vertex 6.239999771118164 -1.2000000476837158 12.15999984741211
			vertex -6.239999771118164 -1.2000000476837158 12.15999984741211
			vertex -6.239999771118164 -1 12.15999984741211
		endloop
	endfacet
	facet normal 0 1 0
		outer loop
			vertex 6.239999771118164 -1 12.15999984741211
			vertex -6.239999771118164 -1 12.15999984741211
			vertex -6.239999771118164 -1 16.739999771118164
		endloop
	endfacet
	facet normal 0 1 0
		outer loop
			vertex 6.239999771118164 -1 16.739999771118164
			vertex 6.239999771118164 -1 12.15999984741211
			vertex -6.239999771118164 -1 16.739999771118164
		endloop
	endfacet
	facet normal 0 0 -1
		outer loop
			vertex -4.050000190734863 0.15000000596046448 -4.050000190734863
			vertex 4.050000190734863 0 -4.050000190734863
			vertex -4.050000190734863 0 -4.050000190734863
		endloop
	endfacet
	facet normal 0 0 -1
		outer loop
			vertex -4.050000190734863 0.15000000596046448 -4.050000190734863
			vertex 4.050000190734863 0.15000000596046448 -4.050000190734863
			vertex 4.050000190734863 0 -4.050000190734863
		endloop
	endfacet
	facet normal 1 0 0
		outer loop
			vertex 4.050000190734863 0.15000000596046448 -4.050000190734863
			vertex 4.050000190734863 0 4.050000190734863
			vertex 4.050000190734863 0 -4.050000190734863
		endloop
	endfacet
	facet normal 1 0 0
		outer loop
			vertex 4.050000190734863 0.15000000596046448 -4.050000190734863
			vertex 4.050000190734863 0.15000000596046448 4.050000190734863
			vertex 4.050000190734863 0 4.050000190734863
		endloop
	endfacet
	facet normal 0 0 1
		outer loop
			vertex 4.050000190734863 0.15000000596046448 4.050000190734863
			vertex -4.050000190734863 0 4.050000190734863
			vertex 4.050000190734863 0 4.050000190734863
		endloop
	endfacet
	facet normal 0 0 1
		outer loop
			vertex 4.050000190734863 0.15000000596046448 4.050000190734863
			vertex -4.050000190734863 0.15000000596046448 4.050000190734863
			vertex -4.050000190734863 0 4.050000190734863
		endloop
	endfacet
	facet normal -1 0 0
		outer loop
			vertex -4.050000190734863 0.15000000596046448 4.050000190734863
			vertex -4.050000190734863 0 -4.050000190734863
			vertex -4.050000190734863 0 4.050000190734863
		endloop
	endfacet
	facet normal -1 0 0
		outer loop
			vertex -4.050000190734863 0.15000000596046448 4.050000190734863
			vertex -4.050000190734863 0.15000000596046448 -4.050000190734863
			vertex -4.050000190734863 0 -4.050000190734863
		endloop
	endfacet
	facet normal 0 -1 0
		outer loop
			vertex -4.25 0.15000000596046448 -4.25
			vertex -4.050000190734863 0.15000000596046448 -4.050000190734863
			vertex -4.050000190734863 0.15000000596046448 4.050000190734863
		endloop
	endfacet
	facet normal 0 -1 0
		outer loop
			vertex -4.25 0.15000000596046448 -4.25
			vertex -4.050000190734863 0.15000000596046448 4.050000190734863
			vertex -4.25 0.15000000596046448 4.25
		endloop
	endfacet
	facet normal 0 -1 0
		outer loop
			vertex 4.050000190734863 0.15000000596046448 4.050000190734863
			vertex 4.25 0.15000000596046448 4.25
			vertex -4.25 0.15000000596046448 4.25
		endloop
	endfacet
	facet normal 0 -1 0
		outer loop
			vertex 4.050000190734863 0.15000000596046448 4.050000190734863
			vertex -4.25 0.15000000596046448 4.25
			vertex -4.050000190734863 0.15000000596046448 4.050000190734863
		endloop
	endfacet
	facet normal 0 -1 0
		outer loop
			vertex 4.25 0.15000000596046448 -4.25
			vertex 4.050000190734863 0.15000000596046448 -4.050000190734863
			vertex -4.050000190734863 0.15000000596046448 -4.050000190734863
		endloop
	endfacet
	facet normal 0 -1 0
		outer loop
			vertex 4.25 0.15000000596046448 -4.25
			vertex -4.050000190734863 0.15000000596046448 -4.050000190734863
			vertex -4.25 0.15000000596046448 -4.25
		endloop
	endfacet
	facet normal 0 -1 0
		outer loop
			vertex 4.25 0.15000000596046448 -4.25
			vertex 4.25 0.15000000596046448 4.25
			vertex 4.050000190734863 0.15000000596046448 4.050000190734863
		endloop
	endfacet
	facet normal 0 -1 0
		outer loop
			vertex 4.25 0.15000000596046448 -4.25
			vertex 4.050000190734863 0.15000000596046448 4.050000190734863
			vertex 4.050000190734863 0.15000000596046448 -4.050000190734863
		endloop
	endfacet
	facet normal 0 -1 0
		outer loop
			vertex 4.050000190734863 0 -4.050000190734863
			vertex -4.050000190734863 0 4.050000190734863
			vertex -4.050000190734863 0 -4.050000190734863
		endloop
	endfacet
	facet normal 0 -1 0
		outer loop
			vertex 4.050000190734863 0 -4.050000190734863
			vertex 4.050000190734863 0 4.050000190734863
			vertex -4.050000190734863 0 4.050000190734863
		endloop
	endfacet
endsolid exported
